,Neighborhood,Neighborhood Latitude,Neighborhood Longitude,Venue id,Venue Latitude,Venue Longitude,Venue Category id,Venue Category_id,price
935,"The Danforth West, Riverdale",43.6795571,-79.352188,57799e91498e189817c91ead,43.677702,-79.352265,4bf58dd8d48988d1c9941735,Food,1
936,"The Danforth West, Riverdale",43.6795571,-79.352188,4dc72844d22dafda2fcf75e6,43.677772998450614,-79.35118737317053,4bf58dd8d48988d1c9941735,Food,3
937,"The Danforth West, Riverdale",43.6795571,-79.352188,4e3dbb5e45dd68e3273e03b7,43.677743,-79.350115,4bf58dd8d48988d110941735,Food,2
939,"The Danforth West, Riverdale",43.6795571,-79.352188,4bd1db4e046076b0f1a57271,43.677438,-79.352683,4bf58dd8d48988d112941735,Food,1
941,"The Danforth West, Riverdale",43.6795571,-79.352188,4aeb268bf964a52006bf21e3,43.677704,-79.35048,4bf58dd8d48988d10e941735,Food,1
942,"The Danforth West, Riverdale",43.6795571,-79.352188,5916090a69e77b035ceb1a86,43.677267,-79.353274,4bf58dd8d48988d1c4941735,Food,2
943,"The Danforth West, Riverdale",43.6795571,-79.352188,4afdfadff964a520a52c22e3,43.6779622615441,-79.35019606997218,4bf58dd8d48988d10e941735,Food,2
945,"The Danforth West, Riverdale",43.6795571,-79.352188,4af4e0d0f964a5202ff721e3,43.677061774959824,-79.35393428891682,4bf58dd8d48988d110941735,Food,2
947,"The Danforth West, Riverdale",43.6795571,-79.352188,4ec857560e6158baffa4fc3c,43.678488633358,-79.34757579277853,4bf58dd8d48988d1ca941735,Food,2
950,"The Danforth West, Riverdale",43.6795571,-79.352188,4ad4c05ff964a52042f720e3,43.677596,-79.351738,4bf58dd8d48988d10e941735,Food,2
951,"The Danforth West, Riverdale",43.6795571,-79.352188,4ae29e2af964a520338f21e3,43.67830448799868,-79.34948556208978,4bf58dd8d48988d10e941735,Food,1
952,"The Danforth West, Riverdale",43.6795571,-79.352188,4b76b3d2f964a52064592ee3,43.6774845518262,-79.35307562861175,4bf58dd8d48988d1c4941735,Food,2
953,"The Danforth West, Riverdale",43.6795571,-79.352188,4b466804f964a520ed1f26e3,43.67768266377745,-79.35160842812537,4bf58dd8d48988d1d0941735,Food,1
955,"The Danforth West, Riverdale",43.6795571,-79.352188,4c508ae15ee81b8d9ee3c5fe,43.67776898684133,-79.35130446081268,52e81612bcbc57f1066b7a0c,Food,0
956,"The Danforth West, Riverdale",43.6795571,-79.352188,4bbe3c929474c9b6d54cd9b6,43.67816589533113,-79.34892679522846,4bf58dd8d48988d10e941735,Food,2
959,"The Danforth West, Riverdale",43.6795571,-79.352188,4b64ce4af964a52084d12ae3,43.678239784878826,-79.34918494943804,4bf58dd8d48988d10e941735,Food,2
960,"The Danforth West, Riverdale",43.6795571,-79.352188,4d1263edd0fda0934094ab57,43.67811808012494,-79.34948504099059,4bf58dd8d48988d16d941735,Food,1
961,"The Danforth West, Riverdale",43.6795571,-79.352188,4aec8fe3f964a520bcc821e3,43.67664308520287,-79.35684634585105,4bf58dd8d48988d16a941735,Food,1
962,"The Danforth West, Riverdale",43.6795571,-79.352188,55fc0110498ecbc14aa76933,43.678629530863844,-79.34746013725268,4bf58dd8d48988d1e0931735,Food,1
963,"The Danforth West, Riverdale",43.6795571,-79.352188,5269ba3c498ea63de3eb987b,43.67865547474292,-79.34658157954753,4bf58dd8d48988d144941735,Food,2
964,"The Danforth West, Riverdale",43.6795571,-79.352188,4af6e7a0f964a520060422e3,43.67860392856738,-79.34690364849348,4bf58dd8d48988d110941735,Food,2
965,"The Danforth West, Riverdale",43.6795571,-79.352188,4c1d5337eac020a1cb1048c2,43.67730788939673,-79.35306551709385,4bf58dd8d48988d10f941735,Food,2
966,"The Danforth West, Riverdale",43.6795571,-79.352188,4b8d7b70f964a52063fe32e3,43.67812618087551,-79.34843379217203,4bf58dd8d48988d1e0931735,Food,1
968,"The Danforth West, Riverdale",43.6795571,-79.352188,4d28fa67ebacb1f7f37ff64f,43.67669287762859,-79.35629876225282,4bf58dd8d48988d14e941735,Food,2
969,"The Danforth West, Riverdale",43.6795571,-79.352188,516c9d2de4b0cde235a2cb1a,43.67830909198205,-79.34810528402672,512e7cae91d4cbb4e5efe0af,Food,1
970,"The Danforth West, Riverdale",43.6795571,-79.352188,4ad4c05ff964a5202ff720e3,43.67842791362434,-79.34764181796815,4bf58dd8d48988d10e941735,Food,2
971,"The Danforth West, Riverdale",43.6795571,-79.352188,4ad89921f964a520b01221e3,43.67861856512561,-79.34702430590903,4bf58dd8d48988d1d2941735,Food,2
974,"The Danforth West, Riverdale",43.6795571,-79.352188,4adcba1cf964a520272f21e3,43.678879,-79.346357,4bf58dd8d48988d1e0931735,Food,1
976,"Toronto Dominion Centre, Design Exchange",43.6471768,-79.38157640000001,4ad4c05df964a52059f620e3,43.647452066183476,-79.38132001815676,4bf58dd8d48988d1c4941735,Food,3
978,"Toronto Dominion Centre, Design Exchange",43.6471768,-79.38157640000001,59cd51c71b0ea516e9e7b3aa,43.648835391245896,-79.3809358125033,4bf58dd8d48988d1e0931735,Food,1
981,"Toronto Dominion Centre, Design Exchange",43.6471768,-79.38157640000001,4dcbf219d22d7ffe9d39197e,43.6488151631615,-79.38060468610949,4bf58dd8d48988d16a941735,Food,1
982,"Toronto Dominion Centre, Design Exchange",43.6471768,-79.38157640000001,52138db911d22803b334c641,43.64815919753501,-79.37874450467258,4bf58dd8d48988d16d941735,Food,1
983,"Toronto Dominion Centre, Design Exchange",43.6471768,-79.38157640000001,4e67c316483bef6eb8171e49,43.64650585612388,-79.38014477491379,4bf58dd8d48988d1dc931735,Food,2
984,"Toronto Dominion Centre, Design Exchange",43.6471768,-79.38157640000001,4b6b4340f964a520c9fc2be3,43.646731,-79.383951,4bf58dd8d48988d1e0931735,Food,1
985,"Toronto Dominion Centre, Design Exchange",43.6471768,-79.38157640000001,559a8f5a498e31f945041245,43.64830873804684,-79.38225333898805,4bf58dd8d48988d16d941735,Food,1
986,"Toronto Dominion Centre, Design Exchange",43.6471768,-79.38157640000001,592c5bfb31fd147e47255fb3,43.648250543365556,-79.38012728220869,4bf58dd8d48988d1e0931735,Food,1
988,"Toronto Dominion Centre, Design Exchange",43.6471768,-79.38157640000001,563d2f2dcd10bcf27ae37c3b,43.64501814464698,-79.3804150931199,4bf58dd8d48988d1e0931735,Food,1
989,"Toronto Dominion Centre, Design Exchange",43.6471768,-79.38157640000001,5a4fdf56772fbc5e9fa73c7f,43.646473,-79.378782,4bf58dd8d48988d111941735,Food,2
991,"Toronto Dominion Centre, Design Exchange",43.6471768,-79.38157640000001,55fc571f498ec35023360858,43.6495520142626,-79.38167072512041,4bf58dd8d48988d14e941735,Food,2
992,"Toronto Dominion Centre, Design Exchange",43.6471768,-79.38157640000001,5462ac56498e128ccafe8fea,43.64833354686235,-79.38511050184168,4bf58dd8d48988d1ca941735,Food,2
993,"Toronto Dominion Centre, Design Exchange",43.6471768,-79.38157640000001,51ae5eaa498e5c629f21f431,43.646912231909276,-79.37959661696463,4bf58dd8d48988d146941735,Food,1
994,"Toronto Dominion Centre, Design Exchange",43.6471768,-79.38157640000001,4bd8cde92e6f0f47dcb20808,43.649504756476944,-79.38291850488223,4bf58dd8d48988d1cc941735,Food,4
995,"Toronto Dominion Centre, Design Exchange",43.6471768,-79.38157640000001,4ae7b370f964a5206ead21e3,43.647743692587085,-79.37958814250598,4bf58dd8d48988d1c5941735,Food,1
998,"Toronto Dominion Centre, Design Exchange",43.6471768,-79.38157640000001,4ae73054f964a5203ca921e3,43.647223,-79.3793738,4bf58dd8d48988d111941735,Food,3
1000,"Toronto Dominion Centre, Design Exchange",43.6471768,-79.38157640000001,4ad69511f964a520e40721e3,43.64998659318569,-79.38410336664538,4bf58dd8d48988d1c4941735,Food,2
1001,"Toronto Dominion Centre, Design Exchange",43.6471768,-79.38157640000001,4b689994f964a52030822be3,43.646799,-79.38069,4bf58dd8d48988d1e0931735,Food,1
1002,"Toronto Dominion Centre, Design Exchange",43.6471768,-79.38157640000001,557f05ca498ec78ac7b29315,43.644372584148364,-79.38306470027423,4bf58dd8d48988d1e0931735,Food,1
1003,"Toronto Dominion Centre, Design Exchange",43.6471768,-79.38157640000001,53c524bd498efaeebf73b291,43.6491179354577,-79.37831288380438,4bf58dd8d48988d16d941735,Food,1
1004,"Toronto Dominion Centre, Design Exchange",43.6471768,-79.38157640000001,5b6c842bc36588002c80a934,43.64875349932059,-79.3853673607289,4bf58dd8d48988d16d941735,Food,1
1005,"Toronto Dominion Centre, Design Exchange",43.6471768,-79.38157640000001,55314880498eca93a62e17ec,43.647686808930885,-79.3772953884033,4bf58dd8d48988d16d941735,Food,1
1007,"Toronto Dominion Centre, Design Exchange",43.6471768,-79.38157640000001,50ecb1fae4b0beb13294f0aa,43.65065642537144,-79.38161285228475,4bf58dd8d48988d1ce941735,Food,3
1009,"Toronto Dominion Centre, Design Exchange",43.6471768,-79.38157640000001,514627d1e4b0dba1b85e9ba8,43.650497,-79.378765,4bf58dd8d48988d16d941735,Food,2
1010,"Toronto Dominion Centre, Design Exchange",43.6471768,-79.38157640000001,595e825350a6f05c631431b0,43.64777410584289,-79.37918080262172,4bf58dd8d48988d1ce941735,Food,3
1014,"Toronto Dominion Centre, Design Exchange",43.6471768,-79.38157640000001,4d2c55ea55a8b60c5004efc0,43.65043319523819,-79.37939324949957,4bf58dd8d48988d1c9941735,Food,1
1015,"Toronto Dominion Centre, Design Exchange",43.6471768,-79.38157640000001,4b8bce0af964a52038ac32e3,43.646255967524645,-79.37957346439356,4bf58dd8d48988d1e0931735,Food,1
1016,"Toronto Dominion Centre, Design Exchange",43.6471768,-79.38157640000001,5346c98a498ed612110d0f60,43.642851,-79.382081,4bf58dd8d48988d1bd941735,Food,1
1017,"Toronto Dominion Centre, Design Exchange",43.6471768,-79.38157640000001,4ad4c060f964a5207cf720e3,43.65060229830571,-79.38155510682869,4bf58dd8d48988d1ce941735,Food,3
1018,"Toronto Dominion Centre, Design Exchange",43.6471768,-79.38157640000001,5aff06ca6e4650002cc6286b,43.650252483069295,-79.38515575620075,4bf58dd8d48988d1d3941735,Food,2
1024,"Toronto Dominion Centre, Design Exchange",43.6471768,-79.38157640000001,4d5effa95b276dcbc3b201c6,43.64543117726125,-79.38705858895491,4bf58dd8d48988d110941735,Food,2
1025,"Toronto Dominion Centre, Design Exchange",43.6471768,-79.38157640000001,4b5ca7d8f964a5207c3c29e3,43.64941904378835,-79.37723726034164,4bf58dd8d48988d155941735,Food,2
1026,"Toronto Dominion Centre, Design Exchange",43.6471768,-79.38157640000001,5214e7c111d2a83379eae21f,43.650951982093595,-79.37942201983014,4bf58dd8d48988d157941735,Food,3
1029,"Toronto Dominion Centre, Design Exchange",43.6471768,-79.38157640000001,528e195b11d2ad1ecaef8c8c,43.650546552943766,-79.38338493349875,4bf58dd8d48988d1dc931735,Food,2
1033,"Toronto Dominion Centre, Design Exchange",43.6471768,-79.38157640000001,4b981b46f964a520c22c35e3,43.647261,-79.378599,4bf58dd8d48988d1e0931735,Food,1
1034,"Toronto Dominion Centre, Design Exchange",43.6471768,-79.38157640000001,5a3a846af62e0960e9364d11,43.65065218852629,-79.38414092873634,4bf58dd8d48988d1e0931735,Food,1
1040,"Toronto Dominion Centre, Design Exchange",43.6471768,-79.38157640000001,4b0f3cd2f964a520b66023e3,43.647084825125084,-79.37634231908494,4bf58dd8d48988d10c941735,Food,3
1042,"Toronto Dominion Centre, Design Exchange",43.6471768,-79.38157640000001,50bd1248e4b0382138bdd292,43.64748168603231,-79.37910417362639,4bf58dd8d48988d16e941735,Food,1
1043,"Toronto Dominion Centre, Design Exchange",43.6471768,-79.38157640000001,54132b3b498ee9ca9332e189,43.65121797253777,-79.38355459932247,4bf58dd8d48988d1e0931735,Food,1
1044,"Toronto Dominion Centre, Design Exchange",43.6471768,-79.38157640000001,4e048b98315168be7fd7ee4d,43.65032912559998,-79.38453301297716,4bf58dd8d48988d10e941735,Food,4
1046,"Toronto Dominion Centre, Design Exchange",43.6471768,-79.38157640000001,5a32970da42362290203a9d6,43.650578865093934,-79.3834119303614,4bf58dd8d48988d120951735,Food,0
1047,"Toronto Dominion Centre, Design Exchange",43.6471768,-79.38157640000001,4ad4c060f964a52057f720e3,43.64814738516352,-79.37875242540652,4bf58dd8d48988d14e941735,Food,2
1049,"Toronto Dominion Centre, Design Exchange",43.6471768,-79.38157640000001,4d3997e1687ca35dbd0081c4,43.65098801064232,-79.38122513218154,4bf58dd8d48988d14e941735,Food,2
1050,"Toronto Dominion Centre, Design Exchange",43.6471768,-79.38157640000001,4ad4c05cf964a52006f620e3,43.64929834396347,-79.37643067251867,4bf58dd8d48988d1c4941735,Food,2
1051,"Toronto Dominion Centre, Design Exchange",43.6471768,-79.38157640000001,4db5e84443a1369cb5da528a,43.6480141803431,-79.37911924716222,4bf58dd8d48988d153941735,Food,1
1052,"Toronto Dominion Centre, Design Exchange",43.6471768,-79.38157640000001,4ccb0e7faa25a35d37920b0f,43.64621307149554,-79.37908847368506,4bf58dd8d48988d1e0931735,Food,1
1053,"Toronto Dominion Centre, Design Exchange",43.6471768,-79.38157640000001,4adc55c6f964a520bd2b21e3,43.649328,-79.378339,4bf58dd8d48988d1e0931735,Food,2
1054,"Toronto Dominion Centre, Design Exchange",43.6471768,-79.38157640000001,4ad4c05df964a52039f620e3,43.647918499361516,-79.37727345157903,52e81612bcbc57f1066b7a06,Food,2
1055,"Toronto Dominion Centre, Design Exchange",43.6471768,-79.38157640000001,506a3830e4b0677a1f9d8eda,43.65022782352305,-79.38486260004564,4bf58dd8d48988d111941735,Food,2
1056,"Toronto Dominion Centre, Design Exchange",43.6471768,-79.38157640000001,4ba90db8f964a5203f073ae3,43.65055650489936,-79.38117543224395,4bf58dd8d48988d142941735,Food,2
1057,"Toronto Dominion Centre, Design Exchange",43.6471768,-79.38157640000001,5a6bad222632ec473853718a,43.65059603893127,-79.38339613055128,4bf58dd8d48988d1d2941735,Food,2
1059,"Toronto Dominion Centre, Design Exchange",43.6471768,-79.38157640000001,50ca02c5245f2d4aa8c2c53d,43.6499174,-79.3857238,4bf58dd8d48988d1cc941735,Food,2
1061,"Toronto Dominion Centre, Design Exchange",43.6471768,-79.38157640000001,4adc5c6af964a520da2b21e3,43.6502431921682,-79.38081989149896,4bf58dd8d48988d110941735,Food,3
1062,"Toronto Dominion Centre, Design Exchange",43.6471768,-79.38157640000001,4d7a6212e8b7a1cdb919971f,43.6469728132212,-79.37954884053248,4bf58dd8d48988d145941735,Food,1
1063,"Toronto Dominion Centre, Design Exchange",43.6471768,-79.38157640000001,4c37a37b3849c9287b14beb1,43.647707960663595,-79.3795487376397,4bf58dd8d48988d1bd941735,Food,1
1064,"Toronto Dominion Centre, Design Exchange",43.6471768,-79.38157640000001,4bacf405f964a520881d3be3,43.648015481211395,-79.37990651776452,4bf58dd8d48988d146941735,Food,1
1065,"Toronto Dominion Centre, Design Exchange",43.6471768,-79.38157640000001,4b06e099f964a52002f222e3,43.64807704204346,-79.37759871575396,4bf58dd8d48988d143941735,Food,2
1068,"Toronto Dominion Centre, Design Exchange",43.6471768,-79.38157640000001,572e60ce498e6a2425b14e1a,43.65098849486318,-79.38191708712704,4bf58dd8d48988d1bd941735,Food,1
1069,"Toronto Dominion Centre, Design Exchange",43.6471768,-79.38157640000001,4b198909f964a52006df23e3,43.650159,-79.377793,4bf58dd8d48988d1e0931735,Food,1
1070,"Toronto Dominion Centre, Design Exchange",43.6471768,-79.38157640000001,5321ff4f498e273e359a05e0,43.64640689131027,-79.3791688653838,4c2cd86ed066bed06c3c5209,Food,2
1071,"Toronto Dominion Centre, Design Exchange",43.6471768,-79.38157640000001,5a9b3e53b23dfa5ef4b52a06,43.651041,-79.384065,4bf58dd8d48988d151941735,Food,1
1072,"Toronto Dominion Centre, Design Exchange",43.6471768,-79.38157640000001,4bbe0c134e069c745a829fe3,43.65006166044848,-79.3771814107564,4bf58dd8d48988d110941735,Food,2
1073,"Toronto Dominion Centre, Design Exchange",43.6471768,-79.38157640000001,4ba24e76f964a520aceb37e3,43.64773753191116,-79.37969913096782,4bf58dd8d48988d1d2941735,Food,2
1077,"Brockton, Parkdale Village, Exhibition Place",43.6368472,-79.42819140000002,544e9ee6498e2c55cc71bd07,43.63909,-79.427622,4bf58dd8d48988d1e0931735,Food,1
1078,"Brockton, Parkdale Village, Exhibition Place",43.6368472,-79.42819140000002,4b632632f964a52085662ae3,43.63902121044261,-79.42528923382933,4bf58dd8d48988d110941735,Food,3
1080,"Brockton, Parkdale Village, Exhibition Place",43.6368472,-79.42819140000002,5374b6f4498e371df1066313,43.639283775543895,-79.42561998986335,4bf58dd8d48988d1e0931735,Food,2
1081,"Brockton, Parkdale Village, Exhibition Place",43.6368472,-79.42819140000002,4cdeecddf8a4a14330b8dabc,43.637996211047366,-79.43071653853734,4bf58dd8d48988d16d941735,Food,1
1082,"Brockton, Parkdale Village, Exhibition Place",43.6368472,-79.42819140000002,4ae094a7f964a5208f8021e3,43.6377753703417,-79.42429737067897,4bf58dd8d48988d143941735,Food,2
1084,"Brockton, Parkdale Village, Exhibition Place",43.6368472,-79.42819140000002,5b55f1c1b9a5a8002c6b9b86,43.637535,-79.422761,4bf58dd8d48988d16a941735,Food,1
1085,"Brockton, Parkdale Village, Exhibition Place",43.6368472,-79.42819140000002,4ce8ba46f865370410eab2c4,43.63695126198934,-79.42544606558822,4bf58dd8d48988d1c4941735,Food,2
1086,"Brockton, Parkdale Village, Exhibition Place",43.6368472,-79.42819140000002,4b99276bf964a5203a6535e3,43.63750507397488,-79.42464979436862,4bf58dd8d48988d143941735,Food,1
1088,"Brockton, Parkdale Village, Exhibition Place",43.6368472,-79.42819140000002,517c906be4b0a6c18b46b608,43.63572658167962,-79.42603944906266,4bf58dd8d48988d16d941735,Food,1
1091,"Brockton, Parkdale Village, Exhibition Place",43.6368472,-79.42819140000002,4ce6bec9948f224ba0cbe55d,43.63751255946425,-79.4228975016341,4bf58dd8d48988d153941735,Food,1
1092,"Brockton, Parkdale Village, Exhibition Place",43.6368472,-79.42819140000002,5137b53ce4b071af38d34174,43.63701567204681,-79.42404784920467,4bf58dd8d48988d16d941735,Food,1
1097,"Golden Mile, Clairlea, Oakridge",43.711111700000004,-79.2845772,4bc8e605b6c49c740e5b8d91,43.71037770465013,-79.29070115089417,4bf58dd8d48988d1c9941735,Food,1
1103,"Golden Mile, Clairlea, Oakridge",43.711111700000004,-79.2845772,4cb6527eb315a0934c469b76,43.711270905205765,-79.27950587661704,4bf58dd8d48988d16a941735,Food,1
1104,"Golden Mile, Clairlea, Oakridge",43.711111700000004,-79.2845772,4eb2c6918b815ab741f9fcdd,43.71115104374148,-79.27946923512921,4bf58dd8d48988d16a941735,Food,1
1113,"India Bazaar, The Beaches West",43.6689985,-79.31557159999998,59172e0169e77b035cdbe7bd,43.667222,-79.312831,4bf58dd8d48988d1c9941735,Food,1
1114,"India Bazaar, The Beaches West",43.6689985,-79.31557159999998,4c1169396e5dc9b61b10b02d,43.666730640369295,-79.31555614915459,4bf58dd8d48988d16e941735,Food,2
1115,"India Bazaar, The Beaches West",43.6689985,-79.31557159999998,4b942922f964a520f16b34e3,43.66872336908457,-79.31713935234417,4edd64a0c7ddd24ca188df1a,Food,1
1116,"India Bazaar, The Beaches West",43.6689985,-79.31557159999998,4fd52f42e4b0b916eb02ab1b,43.66668372330836,-79.3166142781831,4bf58dd8d48988d1d2941735,Food,2
1120,"India Bazaar, The Beaches West",43.6689985,-79.31557159999998,4ba0153bf964a520995837e3,43.66664527559903,-79.31520351125722,4bf58dd8d48988d110941735,Food,2
1121,"India Bazaar, The Beaches West",43.6689985,-79.31557159999998,504d2a68e4b04dcd186bf203,43.66644546137557,-79.31644740429473,4bf58dd8d48988d153941735,Food,2
1123,"India Bazaar, The Beaches West",43.6689985,-79.31557159999998,4afec89ef964a520623022e3,43.66634820248808,-79.31685400996346,4bf58dd8d48988d1cc941735,Food,2
1125,"India Bazaar, The Beaches West",43.6689985,-79.31557159999998,4b1b0a31f964a520ebf623e3,43.666528010542514,-79.3151266656414,4bf58dd8d48988d1c4941735,Food,2
1127,"India Bazaar, The Beaches West",43.6689985,-79.31557159999998,4b4d2e7bf964a52089cd26e3,43.66605207373166,-79.3169328912536,4bf58dd8d48988d1c5941735,Food,1
1129,"India Bazaar, The Beaches West",43.6689985,-79.31557159999998,4b5a2f4ff964a520b7b228e3,43.66895319839045,-79.31168339331794,4bf58dd8d48988d1ca941735,Food,1
1130,"India Bazaar, The Beaches West",43.6689985,-79.31557159999998,4bb0fb88f964a5200b703ce3,43.66894604610645,-79.31163457258732,4bf58dd8d48988d1c5941735,Food,1
1131,"India Bazaar, The Beaches West",43.6689985,-79.31557159999998,5b86857a1fa763002c84f269,43.667662,-79.312006,4bf58dd8d48988d1e0931735,Food,1
1133,"Commerce Court, Victoria Hotel",43.6481985,-79.37981690000001,52138db911d22803b334c641,43.64815919753501,-79.37874450467258,4bf58dd8d48988d16d941735,Food,1
1136,"Commerce Court, Victoria Hotel",43.6481985,-79.37981690000001,4ad4c05df964a52059f620e3,43.647452066183476,-79.38132001815676,4bf58dd8d48988d1c4941735,Food,3
1138,"Commerce Court, Victoria Hotel",43.6481985,-79.37981690000001,59cd51c71b0ea516e9e7b3aa,43.648835391245896,-79.3809358125033,4bf58dd8d48988d1e0931735,Food,1
1139,"Commerce Court, Victoria Hotel",43.6481985,-79.37981690000001,4dcbf219d22d7ffe9d39197e,43.6488151631615,-79.38060468610949,4bf58dd8d48988d16a941735,Food,1
1141,"Commerce Court, Victoria Hotel",43.6481985,-79.37981690000001,4e67c316483bef6eb8171e49,43.64650585612388,-79.38014477491379,4bf58dd8d48988d1dc931735,Food,2
1142,"Commerce Court, Victoria Hotel",43.6481985,-79.37981690000001,5a4fdf56772fbc5e9fa73c7f,43.646473,-79.378782,4bf58dd8d48988d111941735,Food,2
1143,"Commerce Court, Victoria Hotel",43.6481985,-79.37981690000001,559a8f5a498e31f945041245,43.64830873804684,-79.38225333898805,4bf58dd8d48988d16d941735,Food,1
1144,"Commerce Court, Victoria Hotel",43.6481985,-79.37981690000001,55fc571f498ec35023360858,43.6495520142626,-79.38167072512041,4bf58dd8d48988d14e941735,Food,2
1145,"Commerce Court, Victoria Hotel",43.6481985,-79.37981690000001,592c5bfb31fd147e47255fb3,43.648250543365556,-79.38012728220869,4bf58dd8d48988d1e0931735,Food,1
1146,"Commerce Court, Victoria Hotel",43.6481985,-79.37981690000001,53c524bd498efaeebf73b291,43.6491179354577,-79.37831288380438,4bf58dd8d48988d16d941735,Food,1
1148,"Commerce Court, Victoria Hotel",43.6481985,-79.37981690000001,514627d1e4b0dba1b85e9ba8,43.650497,-79.378765,4bf58dd8d48988d16d941735,Food,2
1149,"Commerce Court, Victoria Hotel",43.6481985,-79.37981690000001,55314880498eca93a62e17ec,43.647686808930885,-79.3772953884033,4bf58dd8d48988d16d941735,Food,1
1151,"Commerce Court, Victoria Hotel",43.6481985,-79.37981690000001,59603f86112c6c70931c9401,43.648475974183,-79.38205778358744,4bf58dd8d48988d155941735,Food,3
1152,"Commerce Court, Victoria Hotel",43.6481985,-79.37981690000001,4d2c55ea55a8b60c5004efc0,43.65043319523819,-79.37939324949957,4bf58dd8d48988d1c9941735,Food,1
1153,"Commerce Court, Victoria Hotel",43.6481985,-79.37981690000001,4b5ca7d8f964a5207c3c29e3,43.64941904378835,-79.37723726034164,4bf58dd8d48988d155941735,Food,2
1154,"Commerce Court, Victoria Hotel",43.6481985,-79.37981690000001,51ae5eaa498e5c629f21f431,43.646912231909276,-79.37959661696463,4bf58dd8d48988d146941735,Food,1
1155,"Commerce Court, Victoria Hotel",43.6481985,-79.37981690000001,50e44770e4b0e03a48c0d8a8,43.64854659465186,-79.38162406470161,4c2cd86ed066bed06c3c5209,Food,2
1157,"Commerce Court, Victoria Hotel",43.6481985,-79.37981690000001,4ae7b370f964a5206ead21e3,43.647743692587085,-79.37958814250598,4bf58dd8d48988d1c5941735,Food,1
1158,"Commerce Court, Victoria Hotel",43.6481985,-79.37981690000001,4bd8cde92e6f0f47dcb20808,43.649504756476944,-79.38291850488223,4bf58dd8d48988d1cc941735,Food,4
1159,"Commerce Court, Victoria Hotel",43.6481985,-79.37981690000001,50ecb1fae4b0beb13294f0aa,43.65065642537144,-79.38161285228475,4bf58dd8d48988d1ce941735,Food,3
1162,"Commerce Court, Victoria Hotel",43.6481985,-79.37981690000001,5214e7c111d2a83379eae21f,43.650951982093595,-79.37942201983014,4bf58dd8d48988d157941735,Food,3
1163,"Commerce Court, Victoria Hotel",43.6481985,-79.37981690000001,4ae7199ff964a52068a821e3,43.647217284018005,-79.38125188166379,4bf58dd8d48988d1c4941735,Food,4
1164,"Commerce Court, Victoria Hotel",43.6481985,-79.37981690000001,4ae73054f964a5203ca921e3,43.647223,-79.3793738,4bf58dd8d48988d111941735,Food,3
1165,"Commerce Court, Victoria Hotel",43.6481985,-79.37981690000001,506db1a9e4b0a3f3b31412f0,43.65156872562108,-79.37926594000328,4bf58dd8d48988d14e941735,Food,3
1170,"Commerce Court, Victoria Hotel",43.6481985,-79.37981690000001,4b114234f964a520637923e3,43.64883150054619,-79.38197006345457,4bf58dd8d48988d146941735,Food,1
1171,"Commerce Court, Victoria Hotel",43.6481985,-79.37981690000001,563d2f2dcd10bcf27ae37c3b,43.64501814464698,-79.3804150931199,4bf58dd8d48988d1e0931735,Food,1
1172,"Commerce Court, Victoria Hotel",43.6481985,-79.37981690000001,4ad4c05cf964a52006f620e3,43.64929834396347,-79.37643067251867,4bf58dd8d48988d1c4941735,Food,2
1173,"Commerce Court, Victoria Hotel",43.6481985,-79.37981690000001,4ad4c060f964a5207cf720e3,43.65060229830571,-79.38155510682869,4bf58dd8d48988d1ce941735,Food,3
1174,"Commerce Court, Victoria Hotel",43.6481985,-79.37981690000001,4ad69511f964a520e40721e3,43.64998659318569,-79.38410336664538,4bf58dd8d48988d1c4941735,Food,2
1176,"Commerce Court, Victoria Hotel",43.6481985,-79.37981690000001,4b689994f964a52030822be3,43.646799,-79.38069,4bf58dd8d48988d1e0931735,Food,1
1177,"Commerce Court, Victoria Hotel",43.6481985,-79.37981690000001,4fcb97f7e4b00a0e8520b055,43.64928693557788,-79.37468932637938,4bf58dd8d48988d1cb941735,Food,1
1179,"Commerce Court, Victoria Hotel",43.6481985,-79.37981690000001,5b5bca904aa3f8002c97f85d,43.64781466405137,-79.3744527618627,4bf58dd8d48988d1d3941735,Food,2
1181,"Commerce Court, Victoria Hotel",43.6481985,-79.37981690000001,56df0683498e7d0423e91b5b,43.64835708519922,-79.38219241858727,4bf58dd8d48988d1bd941735,Food,1
1182,"Commerce Court, Victoria Hotel",43.6481985,-79.37981690000001,4b6b4340f964a520c9fc2be3,43.646731,-79.383951,4bf58dd8d48988d1e0931735,Food,1
1185,"Commerce Court, Victoria Hotel",43.6481985,-79.37981690000001,4b0f3cd2f964a520b66023e3,43.647084825125084,-79.37634231908494,4bf58dd8d48988d10c941735,Food,3
1187,"Commerce Court, Victoria Hotel",43.6481985,-79.37981690000001,4b56a44ff964a5206e1728e3,43.64671207408793,-79.37476761639118,4bf58dd8d48988d1c4941735,Food,3
1189,"Commerce Court, Victoria Hotel",43.6481985,-79.37981690000001,5462ac56498e128ccafe8fea,43.64833354686235,-79.38511050184168,4bf58dd8d48988d1ca941735,Food,2
1192,"Commerce Court, Victoria Hotel",43.6481985,-79.37981690000001,4fccaa8fe4b05a98df3d9417,43.64788137014028,-79.38433152836829,4bf58dd8d48988d16d941735,Food,1
1193,"Commerce Court, Victoria Hotel",43.6481985,-79.37981690000001,4adc55c6f964a520bd2b21e3,43.649328,-79.378339,4bf58dd8d48988d1e0931735,Food,2
1194,"Commerce Court, Victoria Hotel",43.6481985,-79.37981690000001,50b7c53616485cd9efad60d5,43.64848710249909,-79.37454735245633,4bf58dd8d48988d149941735,Food,2
1195,"Commerce Court, Victoria Hotel",43.6481985,-79.37981690000001,595e825350a6f05c631431b0,43.64777410584289,-79.37918080262172,4bf58dd8d48988d1ce941735,Food,3
1196,"Commerce Court, Victoria Hotel",43.6481985,-79.37981690000001,4ad4c05df964a52039f620e3,43.647918499361516,-79.37727345157903,52e81612bcbc57f1066b7a06,Food,2
1197,"Commerce Court, Victoria Hotel",43.6481985,-79.37981690000001,5807af6d38fa30a2181f644a,43.65046931503178,-79.37631703952829,5bae9231bedf3950379f89d4,Food,0
1198,"Commerce Court, Victoria Hotel",43.6481985,-79.37981690000001,573b65fb498e9bcba6b1089a,43.6487987190222,-79.3816807899204,4bf58dd8d48988d16c941735,Food,1
1199,"Commerce Court, Victoria Hotel",43.6481985,-79.37981690000001,4b49183ff964a520a46526e3,43.650927,-79.375602,4bf58dd8d48988d110941735,Food,3
1200,"Commerce Court, Victoria Hotel",43.6481985,-79.37981690000001,4b981b46f964a520c22c35e3,43.647261,-79.378599,4bf58dd8d48988d1e0931735,Food,1
1201,"Commerce Court, Victoria Hotel",43.6481985,-79.37981690000001,4d3997e1687ca35dbd0081c4,43.65098801064232,-79.38122513218154,4bf58dd8d48988d14e941735,Food,2
1203,"Commerce Court, Victoria Hotel",43.6481985,-79.37981690000001,583f54320923922e8141d360,43.650063279511016,-79.37458664523871,52e81612bcbc57f1066b79f2,Food,0
1204,"Commerce Court, Victoria Hotel",43.6481985,-79.37981690000001,4b999927f964a5207c8635e3,43.650853361785124,-79.37588746641697,4bf58dd8d48988d111941735,Food,3
1205,"Commerce Court, Victoria Hotel",43.6481985,-79.37981690000001,4b8bce0af964a52038ac32e3,43.646255967524645,-79.37957346439356,4bf58dd8d48988d1e0931735,Food,1
1206,"Commerce Court, Victoria Hotel",43.6481985,-79.37981690000001,528e195b11d2ad1ecaef8c8c,43.650546552943766,-79.38338493349875,4bf58dd8d48988d1dc931735,Food,2
1210,"Commerce Court, Victoria Hotel",43.6481985,-79.37981690000001,4b0c001cf964a520853523e3,43.6468622,-79.3825442,4bf58dd8d48988d1e0931735,Food,1
1212,"Commerce Court, Victoria Hotel",43.6481985,-79.37981690000001,4b198909f964a52006df23e3,43.650159,-79.377793,4bf58dd8d48988d1e0931735,Food,1
1214,"Commerce Court, Victoria Hotel",43.6481985,-79.37981690000001,5b6c842bc36588002c80a934,43.64875349932059,-79.3853673607289,4bf58dd8d48988d16d941735,Food,1
1215,"Commerce Court, Victoria Hotel",43.6481985,-79.37981690000001,4ad4c060f964a52057f720e3,43.64814738516352,-79.37875242540652,4bf58dd8d48988d14e941735,Food,2
1218,"Commerce Court, Victoria Hotel",43.6481985,-79.37981690000001,4ba90db8f964a5203f073ae3,43.65055650489936,-79.38117543224395,4bf58dd8d48988d142941735,Food,2
1219,"Commerce Court, Victoria Hotel",43.6481985,-79.37981690000001,4cb1169939458cfab0c908a0,43.64961671774303,-79.3754337751762,4bf58dd8d48988d110941735,Food,4
1220,"Commerce Court, Victoria Hotel",43.6481985,-79.37981690000001,5aff06ca6e4650002cc6286b,43.650252483069295,-79.38515575620075,4bf58dd8d48988d1d3941735,Food,2
1221,"Commerce Court, Victoria Hotel",43.6481985,-79.37981690000001,4bd5ba4c637ba593dcddf670,43.64622,-79.383074,4bf58dd8d48988d1c4941735,Food,2
1222,"Commerce Court, Victoria Hotel",43.6481985,-79.37981690000001,54132b3b498ee9ca9332e189,43.65121797253777,-79.38355459932247,4bf58dd8d48988d1e0931735,Food,1
1224,"Commerce Court, Victoria Hotel",43.6481985,-79.37981690000001,5a3a846af62e0960e9364d11,43.65065218852629,-79.38414092873634,4bf58dd8d48988d1e0931735,Food,1
1225,"Commerce Court, Victoria Hotel",43.6481985,-79.37981690000001,4b06e099f964a52002f222e3,43.64807704204346,-79.37759871575396,4bf58dd8d48988d143941735,Food,2
1226,"Commerce Court, Victoria Hotel",43.6481985,-79.37981690000001,4adc5c6af964a520da2b21e3,43.6502431921682,-79.38081989149896,4bf58dd8d48988d110941735,Food,3
1227,"Commerce Court, Victoria Hotel",43.6481985,-79.37981690000001,4c1417c182a3c9b676b9fcf8,43.651855687900124,-79.37805540906518,4bf58dd8d48988d1c4941735,Food,4
1229,"Commerce Court, Victoria Hotel",43.6481985,-79.37981690000001,5632426a498e0433cad5aa04,43.64909140219368,-79.38159990145141,4bf58dd8d48988d149941735,Food,2
1230,"Commerce Court, Victoria Hotel",43.6481985,-79.37981690000001,55a63131498e114c3c6d2cd5,43.64716011126396,-79.38104402548048,4bf58dd8d48988d146941735,Food,1
1231,"Commerce Court, Victoria Hotel",43.6481985,-79.37981690000001,50bd1248e4b0382138bdd292,43.64748168603231,-79.37910417362639,4bf58dd8d48988d16e941735,Food,1
1232,"Commerce Court, Victoria Hotel",43.6481985,-79.37981690000001,57963897498e6873394a559d,43.65121343781903,-79.37523564828548,4bf58dd8d48988d1e0931735,Food,1
1233,"North Park, Maple Leaf Park, Upwood Park",43.713756200000006,-79.4900738,4b8a7c74f964a520d26e32e3,43.715413998974796,-79.49030028640821,4bf58dd8d48988d16a941735,Food,1
1237,Humber Summit,43.7563033,-79.56596329999999,59815d9be4c4597155dc9795,43.7602299,-79.5689131,4bf58dd8d48988d1c4941735,Food,2
1240,"Cliffside, Cliffcrest, Scarborough Village West",43.716316,-79.23947609999999,4c9d376b8afca09392b8f415,43.71700152544261,-79.24235338465942,4bf58dd8d48988d14e941735,Food,2
1243,Downsview,43.7284964,-79.49569740000001,4dd59186d4c05d5096bc2f49,43.72651174068901,-79.50127950136176,4bf58dd8d48988d1cb941735,Food,1
1244,Studio District,43.6595255,-79.340923,4ad7e958f964a520001021e3,43.660655832455014,-79.3420187548006,4bf58dd8d48988d1c9941735,Food,2
1245,Studio District,43.6595255,-79.340923,4f8aec85e4b0ddfd8392c937,43.66089221309069,-79.34062599380812,4bf58dd8d48988d1c5941735,Food,1
1247,Studio District,43.6595255,-79.340923,4ad78ecaf964a520220c21e3,43.66137281675049,-79.33857736283377,4bf58dd8d48988d1e0931735,Food,2
1250,Studio District,43.6595255,-79.340923,4ae0cc28f964a5209d8221e3,43.66068453213004,-79.3425013474948,4bf58dd8d48988d16a941735,Food,1
1252,Studio District,43.6595255,-79.340923,5475df76498eab68d4a3a6b9,43.660501150739734,-79.34256490845178,4bf58dd8d48988d16d941735,Food,2
1254,Studio District,43.6595255,-79.340923,4b1169f6f964a520177c23e3,43.661299966369135,-79.33902686943661,4bf58dd8d48988d110941735,Food,3
1256,Studio District,43.6595255,-79.340923,4afef85ff964a5204a3222e3,43.660874,-79.340938,4bf58dd8d48988d1ce941735,Food,3
1257,Studio District,43.6595255,-79.340923,4ae0c900f964a520718221e3,43.66080615235188,-79.34124064841119,4bf58dd8d48988d1e0931735,Food,1
1258,Studio District,43.6595255,-79.340923,53c4629f498ef9114ca25be3,43.660451867292366,-79.34334606916272,4bf58dd8d48988d14e941735,Food,2
1259,Studio District,43.6595255,-79.340923,55637f1c498ecfe4c5dd2322,43.659722741351565,-79.34687077721378,4bf58dd8d48988d16d941735,Food,1
1260,Studio District,43.6595255,-79.340923,519d414a498e6cc21f677ff4,43.65973096534363,-79.3463408134466,4bf58dd8d48988d115941735,Food,2
1262,Studio District,43.6595255,-79.340923,53aa1f88498e13bffd98b62e,43.661288901982886,-79.33915476536174,52e81612bcbc57f1066b7a00,Food,0
1263,Studio District,43.6595255,-79.340923,4ad79959f964a520990c21e3,43.65973440286799,-79.34626614342186,4bf58dd8d48988d16a941735,Food,2
1264,Studio District,43.6595255,-79.340923,4ade03e3f964a5205d6721e3,43.660742,-79.342362,4bf58dd8d48988d1e0931735,Food,2
1265,Studio District,43.6595255,-79.340923,5ba55b9ae0c0c9002c29d056,43.66045,-79.343113,4bf58dd8d48988d149941735,Food,2
1269,Studio District,43.6595255,-79.340923,520e526d11d2d73b97d03d5c,43.66080581509536,-79.34150197940215,4bf58dd8d48988d16d941735,Food,1
1271,Studio District,43.6595255,-79.340923,57409b70498ed44f235dc2bc,43.66185374187197,-79.33619591158853,4bf58dd8d48988d16d941735,Food,1
1273,Studio District,43.6595255,-79.340923,57812342cd10afc6f76161db,43.66043013260822,-79.34350897486634,4bf58dd8d48988d1be941735,Food,2
1274,Studio District,43.6595255,-79.340923,529921fa11d2ec80b7868277,43.66193697467491,-79.33593786927155,4bf58dd8d48988d14e941735,Food,2
1275,Studio District,43.6595255,-79.340923,558f31c8498e94f90873fc1f,43.66113846977925,-79.34010994796954,4bf58dd8d48988d155941735,Food,3
1280,Studio District,43.6595255,-79.340923,4bc1df994cdfc9b6a3229521,43.658239,-79.339077,4bf58dd8d48988d147941735,Food,1
1283,Studio District,43.6595255,-79.340923,510f2670e4b0898fbd822b0b,43.66148312783299,-79.338072195258,4bf58dd8d48988d155941735,Food,3
1285,"Bedford Park, Lawrence Manor East",43.7332825,-79.4197497,502bb730e4b01590f997803d,43.73597504480755,-79.42039080887425,4bf58dd8d48988d16d941735,Food,1
1286,"Bedford Park, Lawrence Manor East",43.7332825,-79.4197497,50521bc4e4b0252d054ee36b,43.73503512478632,-79.42003978035157,52e81612bcbc57f1066b7a00,Food,0
1288,"Bedford Park, Lawrence Manor East",43.7332825,-79.4197497,588cf74e5289302f30e711e1,43.735484,-79.420006,4bf58dd8d48988d1c4941735,Food,2
1289,"Bedford Park, Lawrence Manor East",43.7332825,-79.4197497,4bcba746fb84c9b65d5a1f3e,43.735310312009226,-79.41978338676937,4bf58dd8d48988d149941735,Food,2
1290,"Bedford Park, Lawrence Manor East",43.7332825,-79.4197497,4d796616542ab1f75eb87c41,43.73619518432498,-79.42027081330127,4bf58dd8d48988d10f941735,Food,2
1291,"Bedford Park, Lawrence Manor East",43.7332825,-79.4197497,4ffa10f4e4b0956dd65a4aae,43.73339792581388,-79.41949129828605,4bf58dd8d48988d1d2941735,Food,2
1292,"Bedford Park, Lawrence Manor East",43.7332825,-79.4197497,54bd9fa8498e72620bb03b45,43.734556923055784,-79.41954908679143,4bf58dd8d48988d110941735,Food,4
1293,"Bedford Park, Lawrence Manor East",43.7332825,-79.4197497,4ef89d09f9ab2e6682f0192f,43.735355956224325,-79.41960454261636,4bf58dd8d48988d1e0931735,Food,1
1294,"Bedford Park, Lawrence Manor East",43.7332825,-79.4197497,5238b4e211d2d7c5c10aafc6,43.731582455410454,-79.41910939095219,4bf58dd8d48988d112941735,Food,1
1295,"Bedford Park, Lawrence Manor East",43.7332825,-79.4197497,4e30609b922e065e29f3a61b,43.7362044620751,-79.42035885441898,4bf58dd8d48988d10e941735,Food,3
1296,"Bedford Park, Lawrence Manor East",43.7332825,-79.4197497,4b61fa2cf964a520972e2ae3,43.732604,-79.419136,4bf58dd8d48988d1e0931735,Food,1
1297,"Bedford Park, Lawrence Manor East",43.7332825,-79.4197497,4b72de3ef964a520728c2de3,43.73148485587151,-79.41954981345089,4bf58dd8d48988d1c5941735,Food,1
1299,"Bedford Park, Lawrence Manor East",43.7332825,-79.4197497,4ad4c05cf964a520cbf520e3,43.72905148409205,-79.41810862863923,4bf58dd8d48988d14e941735,Food,2
1300,"Bedford Park, Lawrence Manor East",43.7332825,-79.4197497,4c4f47651d76c928b1509691,43.73159539578682,-79.41963959053555,4bf58dd8d48988d1c5941735,Food,1
1301,"Bedford Park, Lawrence Manor East",43.7332825,-79.4197497,4bc13313f8219c743e18b310,43.734073,-79.41987,4bf58dd8d48988d110941735,Food,2
1305,"Bedford Park, Lawrence Manor East",43.7332825,-79.4197497,4b6219e5f964a52074352ae3,43.731952,-79.415019,4bf58dd8d48988d1ca941735,Food,1
1306,"Bedford Park, Lawrence Manor East",43.7332825,-79.4197497,4b5456fdf964a520fdb727e3,43.73254035428967,-79.41979624492376,4bf58dd8d48988d16e941735,Food,1
1308,"Bedford Park, Lawrence Manor East",43.7332825,-79.4197497,4b4a588cf964a520af8426e3,43.730256015803946,-79.41858854355121,4bf58dd8d48988d1c4941735,Food,2
1310,"Del Ray, Mount Dennis, Keelsdale and Silverthorn",43.6911158,-79.47601329999999,5143b746e4b0ff6e207da7e4,43.69021830300218,-79.47404997234327,4bf58dd8d48988d1c5941735,Food,1
1313,"Del Ray, Mount Dennis, Keelsdale and Silverthorn",43.6911158,-79.47601329999999,4c1a5f378b3aa5934380955f,43.69007166039847,-79.47459889881466,4bf58dd8d48988d1e0931735,Food,1
1314,"Del Ray, Mount Dennis, Keelsdale and Silverthorn",43.6911158,-79.47601329999999,5841b760e110955af030954d,43.6907629,-79.4737993,4bf58dd8d48988d1c4941735,Food,2
1319,"Birch Cliff, Cliffside West",43.692657000000004,-79.2648481,56d51743498e60da346470e2,43.69166644406541,-79.26453158481682,4bf58dd8d48988d16d941735,Food,1
1324,"Willowdale, Willowdale East",43.7701199,-79.40849279999999,5a35b4443abcaf37eb1a0d88,43.7665789176648,-79.41213141222555,4bf58dd8d48988d1cc941735,Food,4
1325,"Willowdale, Willowdale East",43.7701199,-79.40849279999999,4aedfeadf964a52005d121e3,43.768353,-79.413046,4bf58dd8d48988d1e0931735,Food,2
1326,"Willowdale, Willowdale East",43.7701199,-79.40849279999999,5a02789d0a464d3112a58785,43.76699771023422,-79.41222209328754,55a59bace4b013909087cb24,Food,0
1327,"Willowdale, Willowdale East",43.7701199,-79.40849279999999,557767bc498ea4a20c8043f6,43.76944882099181,-79.41308107735675,4bf58dd8d48988d16d941735,Food,1
1328,"Willowdale, Willowdale East",43.7701199,-79.40849279999999,5077025ce4b05aefca37d9f9,43.77080606720809,-79.41313811956255,4bf58dd8d48988d111941735,Food,2
1329,"Willowdale, Willowdale East",43.7701199,-79.40849279999999,5a46b1016e4650136e1dc52b,43.76697902009232,-79.41220491675689,4bf58dd8d48988d16d941735,Food,1
1330,"Willowdale, Willowdale East",43.7701199,-79.40849279999999,57f92db0498ee70159702002,43.76669,-79.4121,4deefc054765f83613cdba6f,Food,2
1332,"Willowdale, Willowdale East",43.7701199,-79.40849279999999,591491796bd36b1faf45e96b,43.76701557770687,-79.4120009150447,4bf58dd8d48988d1c9941735,Food,1
1334,"Willowdale, Willowdale East",43.7701199,-79.40849279999999,58c184204f218a16d13f758b,43.76889,-79.4129899,4bf58dd8d48988d112941735,Food,1
1338,"Willowdale, Willowdale East",43.7701199,-79.40849279999999,4b315d90f964a520840525e3,43.771444,-79.413139,55a59bace4b013909087cb24,Food,0
1339,"Willowdale, Willowdale East",43.7701199,-79.40849279999999,58ee9d7a0393cc6b4d009ea1,43.768464,-79.414017,4bf58dd8d48988d1e0931735,Food,1
1340,"Willowdale, Willowdale East",43.7701199,-79.40849279999999,4b832e14f964a5200dfc30e3,43.76846127243853,-79.4123771060805,4bf58dd8d48988d16e941735,Food,1
1341,"Willowdale, Willowdale East",43.7701199,-79.40849279999999,5ab5accd6bd36b087487be93,43.769197,-79.414039,4bf58dd8d48988d1d2941735,Food,2
1344,"Willowdale, Willowdale East",43.7701199,-79.40849279999999,511143a6e4b07cf13ef1b50b,43.768507,-79.41398454232785,4bf58dd8d48988d1c5941735,Food,1
1346,"Willowdale, Willowdale East",43.7701199,-79.40849279999999,544ad69a498eeb86b7a4a8d0,43.76968375926793,-79.41304877291766,55a59bace4b013909087cb24,Food,0
1347,"Willowdale, Willowdale East",43.7701199,-79.40849279999999,4bb628fbef159c74e18075f7,43.76601170897119,-79.41084443679077,4bf58dd8d48988d115941735,Food,2
1348,"Willowdale, Willowdale East",43.7701199,-79.40849279999999,537befcc498edb1da559269b,43.77107544003332,-79.41339624610163,4bf58dd8d48988d1c4941735,Food,4
1349,"Willowdale, Willowdale East",43.7701199,-79.40849279999999,4c6d9c254d24b60caa5ed6d8,43.77140090446779,-79.41345717293876,4bf58dd8d48988d1c5941735,Food,1
1350,"Willowdale, Willowdale East",43.7701199,-79.40849279999999,4b4779f0f964a520543326e3,43.77045596393368,-79.41306424537943,4bf58dd8d48988d14a941735,Food,2
1351,"Willowdale, Willowdale East",43.7701199,-79.40849279999999,5896720a469aef72f336fb7e,43.76966566980136,-79.41305666054794,4bf58dd8d48988d1ca941735,Food,1
1352,"Willowdale, Willowdale East",43.7701199,-79.40849279999999,4ce3129c4df7a35d66c9e079,43.771353408025305,-79.4134865956423,4bf58dd8d48988d1ca941735,Food,1
1353,"Willowdale, Willowdale East",43.7701199,-79.40849279999999,4b2ac8eef964a52092af24e3,43.769574852327395,-79.41259669370922,52e81612bcbc57f1066b7a0c,Food,0
1355,"Willowdale, Willowdale East",43.7701199,-79.40849279999999,4b8bffc6f964a52076b732e3,43.76599495334784,-79.4108127227573,4bf58dd8d48988d111941735,Food,2
1356,"Willowdale, Willowdale East",43.7701199,-79.40849279999999,5bb92d3ec53093002c1d6a1a,43.7691,-79.414305,4bf58dd8d48988d1d2941735,Food,2
1357,"Willowdale, Willowdale East",43.7701199,-79.40849279999999,4bce030968f976b04e446583,43.769057691735014,-79.41437684224671,4bf58dd8d48988d1c4941735,Food,3
1370,"Runnymede, The Junction North",43.67318529999999,-79.48726190000001,4ee10924f9f418e8e916b8bd,43.6723510936904,-79.49263085092069,4bf58dd8d48988d1ca941735,Food,1
1372,"Runnymede, The Junction North",43.67318529999999,-79.48726190000001,5b72fb6be075500038184e08,43.66986,-79.48311,4bf58dd8d48988d143941735,Food,1
1374,"Dorset Park, Wexford Heights, Scarborough Town Centre",43.7574096,-79.27330400000001,5226562611d2cd49d83ef03b,43.754914739291834,-79.27694504646365,4bf58dd8d48988d10f941735,Food,2
1375,"Dorset Park, Wexford Heights, Scarborough Town Centre",43.7574096,-79.27330400000001,4b6475aef964a520eab42ae3,43.75383283792732,-79.27661122245037,4bf58dd8d48988d145941735,Food,2
1376,"Dorset Park, Wexford Heights, Scarborough Town Centre",43.7574096,-79.27330400000001,4bf96c435317a593a23a017f,43.756041539453136,-79.27627591942013,4bf58dd8d48988d10f941735,Food,2
1378,"Dorset Park, Wexford Heights, Scarborough Town Centre",43.7574096,-79.27330400000001,4bc75a3c6501c9b630433e29,43.757770305647185,-79.27857193068989,4bf58dd8d48988d14a941735,Food,2
1385,Davisville North,43.7127511,-79.3901975,4adb2fd3f964a520c42421e3,43.71264120397444,-79.39155655199944,4bf58dd8d48988d143941735,Food,2
1388,Davisville North,43.7127511,-79.3901975,4b0b3691f964a520c62e23e3,43.7084743635371,-79.39067425664052,4bf58dd8d48988d1c5941735,Food,1
1394,"Forest Hill North & West, Forest Hill Road Park",43.6969476,-79.41130720000001,4c054753f56c2d7f6d6a1f66,43.700443369880006,-79.40795690464067,4bf58dd8d48988d1d2941735,Food,2
1397,"High Park, The Junction South",43.6616083,-79.46476329999999,540f2951498e7516839a7126,43.665303321627505,-79.46562068004896,4bf58dd8d48988d110941735,Food,2
1399,"High Park, The Junction South",43.6616083,-79.46476329999999,506f3aa3e4b0b0ed3e1dc405,43.66547472315272,-79.46528973047275,4bf58dd8d48988d155941735,Food,2
1405,"High Park, The Junction South",43.6616083,-79.46476329999999,50c2b419e4b0778555038b27,43.6653150256334,-79.46554803042925,4bf58dd8d48988d1c1941735,Food,2
1407,"High Park, The Junction South",43.6616083,-79.46476329999999,4ae1ce4af964a520938721e3,43.665339657389666,-79.46713655678533,4bf58dd8d48988d16d941735,Food,1
1409,"High Park, The Junction South",43.6616083,-79.46476329999999,58e97ddc3cccc6401e71f681,43.665311,-79.468078,4bf58dd8d48988d149941735,Food,2
1411,"High Park, The Junction South",43.6616083,-79.46476329999999,4c0d82f17189c9289124d7b6,43.66529073542964,-79.46623843808621,4bf58dd8d48988d149941735,Food,2
1412,"High Park, The Junction South",43.6616083,-79.46476329999999,4adcc713f964a520b42f21e3,43.66541017820662,-79.46282167660381,4bf58dd8d48988d16d941735,Food,1
1413,"High Park, The Junction South",43.6616083,-79.46476329999999,4c3355e4213c2d7fe9bd365d,43.66541814719867,-79.46239204687215,4bf58dd8d48988d17a941735,Food,2
1414,"High Park, The Junction South",43.6616083,-79.46476329999999,504b60aee4b03691165966f7,43.66521011890175,-79.46846083483024,4bf58dd8d48988d147941735,Food,1
1415,"High Park, The Junction South",43.6616083,-79.46476329999999,4b5c9f05f964a520643a29e3,43.665426,-79.466176,4bf58dd8d48988d16a941735,Food,1
1416,"High Park, The Junction South",43.6616083,-79.46476329999999,588294c39c439d0a27702402,43.66552,-79.464731,4bf58dd8d48988d16e941735,Food,1
1418,"High Park, The Junction South",43.6616083,-79.46476329999999,5aee1fc74b78c5002c1c8304,43.665295,-79.464888,4d4ae6fc7a7b7dea34424761,Food,1
1419,"High Park, The Junction South",43.6616083,-79.46476329999999,4d767b57d6688cfa8c1f1e15,43.66546024899212,-79.46430756434131,4bf58dd8d48988d1c1941735,Food,1
1420,"High Park, The Junction South",43.6616083,-79.46476329999999,56b5681f498e18dc05b23bdb,43.6654,-79.463995,4bf58dd8d48988d1c4941735,Food,2
1421,Westmount,43.696319,-79.53224240000002,4c0bf5f5ffb8c9b6010b6e61,43.69275315666511,-79.53156594082111,4bf58dd8d48988d145941735,Food,1
1422,Westmount,43.696319,-79.53224240000002,54089623498e19198cf69267,43.696338,-79.533398,4bf58dd8d48988d1e0931735,Food,1
1423,Westmount,43.696319,-79.53224240000002,4da8bc62fa8cc76497075931,43.69643127748791,-79.53323325309887,4bf58dd8d48988d1ca941735,Food,1
1424,Westmount,43.696319,-79.53224240000002,4b9b0499f964a52020ec35e3,43.69292687319966,-79.5314711469564,4bf58dd8d48988d1c5941735,Food,1
1425,Westmount,43.696319,-79.53224240000002,52f9326e11d2c6755f57f596,43.69249918005648,-79.53169763088226,4bf58dd8d48988d115941735,Food,2
1428,"Wexford, Maryvale",43.750071500000004,-79.2958491,569d1d81498e73b3eba22d2f,43.746098,-79.293142,4bf58dd8d48988d16a941735,Food,1
1429,"Wexford, Maryvale",43.750071500000004,-79.2958491,4b8e9db3f964a5201b2c33e3,43.7460300445972,-79.29384330907153,4bf58dd8d48988d143941735,Food,1
1431,"Wexford, Maryvale",43.750071500000004,-79.2958491,4e0e43f3fa76d62f444738eb,43.74564498729392,-79.29573737087405,4bf58dd8d48988d115941735,Food,2
1432,"Willowdale, Willowdale West",43.7827364,-79.4422593,4b352657f964a520c42a25e3,43.78421369713337,-79.44609771646198,4bf58dd8d48988d1ca941735,Food,1
1436,"Willowdale, Willowdale West",43.7827364,-79.4422593,4bc75114af07a59340f07e2d,43.7809395,-79.4442308,4bf58dd8d48988d1e0931735,Food,1
1440,"North Toronto West,  Lawrence Park",43.7153834,-79.40567840000001,4aec6bbaf964a520e6c621e3,43.71559,-79.40045,4bf58dd8d48988d1e0931735,Food,1
1443,"North Toronto West,  Lawrence Park",43.7153834,-79.40567840000001,515f21e5e4b03c1e772c36c7,43.713861,-79.400093,4bf58dd8d48988d1c4941735,Food,3
1444,"North Toronto West,  Lawrence Park",43.7153834,-79.40567840000001,4aec79e5f964a5209fc721e3,43.71678474928588,-79.40040634837081,4bf58dd8d48988d145941735,Food,2
1446,"North Toronto West,  Lawrence Park",43.7153834,-79.40567840000001,5738efd3498ef5d2444c477e,43.71463,-79.4,4bf58dd8d48988d1c1941735,Food,1
1447,"North Toronto West,  Lawrence Park",43.7153834,-79.40567840000001,4db86d7cfc608240bc2cbb99,43.7144524368588,-79.40009057656115,4bf58dd8d48988d147941735,Food,2
1448,"North Toronto West,  Lawrence Park",43.7153834,-79.40567840000001,5d3000908fe07d00081e8b8b,43.715149,-79.399944,4bf58dd8d48988d16e941735,Food,1
1450,"North Toronto West,  Lawrence Park",43.7153834,-79.40567840000001,5508810b498e56b2576b2070,43.71489400011398,-79.39977586269379,4bf58dd8d48988d1e0931735,Food,1
1453,"North Toronto West,  Lawrence Park",43.7153834,-79.40567840000001,4b9e71eef964a52072e436e3,43.714583000256965,-79.40011973797179,4bf58dd8d48988d16d941735,Food,1
1454,"North Toronto West,  Lawrence Park",43.7153834,-79.40567840000001,5a234a153ba7676492aaf1ea,43.715789,-79.400187,4bf58dd8d48988d1ce941735,Food,3
1459,"The Annex, North Midtown, Yorkville",43.6727097,-79.40567840000001,4c62c59ce1621b8dd0332453,43.67461834990478,-79.40824866273744,4bf58dd8d48988d10f941735,Food,2
1460,"The Annex, North Midtown, Yorkville",43.6727097,-79.40567840000001,4ae7bc29f964a52084ad21e3,43.67515283323029,-79.40585846415303,4bf58dd8d48988d16d941735,Food,2
1461,"The Annex, North Midtown, Yorkville",43.6727097,-79.40567840000001,5929ae709deb7d7d29b7ad46,43.67524,-79.40662,4bf58dd8d48988d16c941735,Food,1
1462,"The Annex, North Midtown, Yorkville",43.6727097,-79.40567840000001,4ad4c061f964a52099f720e3,43.67505287052667,-79.40671518307245,4bf58dd8d48988d1d3941735,Food,2
1463,"The Annex, North Midtown, Yorkville",43.6727097,-79.40567840000001,51dde181498eeca51450d79a,43.675896076491284,-79.40368028354095,4bf58dd8d48988d1df931735,Food,3
1465,"The Annex, North Midtown, Yorkville",43.6727097,-79.40567840000001,55d2781b498e82585d37691e,43.67410020855885,-79.41083780404273,4bf58dd8d48988d1e0931735,Food,1
1466,"The Annex, North Midtown, Yorkville",43.6727097,-79.40567840000001,5b6ef35c3af988002c6c1cfa,43.674732,-79.40773,4bf58dd8d48988d148941735,Food,1
1467,"The Annex, North Midtown, Yorkville",43.6727097,-79.40567840000001,4cdedf6369136dcba84cd9e6,43.67406646467061,-79.4107635453081,4bf58dd8d48988d16d941735,Food,1
1469,"The Annex, North Midtown, Yorkville",43.6727097,-79.40567840000001,5c5f10e4bf7dde002cef8172,43.675147,-79.406346,4bf58dd8d48988d115941735,Food,2
1470,"The Annex, North Midtown, Yorkville",43.6727097,-79.40567840000001,4b02e4bbf964a520bf4a22e3,43.674975198818274,-79.40654256081908,4bf58dd8d48988d1c5941735,Food,1
1471,"The Annex, North Midtown, Yorkville",43.6727097,-79.40567840000001,57beebc8498eafd93c99cb9d,43.675817902127925,-79.40279309076072,4bf58dd8d48988d16d941735,Food,1
1473,"The Annex, North Midtown, Yorkville",43.6727097,-79.40567840000001,568c18c1498e7212bfaf9462,43.675070588962015,-79.40687736441805,4bf58dd8d48988d1c5941735,Food,1
1475,"The Annex, North Midtown, Yorkville",43.6727097,-79.40567840000001,4b4b580ef964a520319826e3,43.67555992434719,-79.40355789179394,4bf58dd8d48988d1ca941735,Food,1
1476,"The Annex, North Midtown, Yorkville",43.6727097,-79.40567840000001,4b0fd74af964a5205d6523e3,43.67579963362535,-79.40353178302757,4bf58dd8d48988d1e0931735,Food,1
1477,"The Annex, North Midtown, Yorkville",43.6727097,-79.40567840000001,50521a43e4b0c9dff10489d4,43.675650480511266,-79.41025463558196,4bf58dd8d48988d1c5941735,Food,1
1483,"Parkdale, Roncesvalles",43.6489597,-79.456325,4c81998e51ada1cd95c51410,43.64992822697901,-79.45043667719423,4bf58dd8d48988d1d0941735,Food,1
1484,"Parkdale, Roncesvalles",43.6489597,-79.456325,52348da911d2fa119be56f12,43.65091223991817,-79.45090936982271,4bf58dd8d48988d154941735,Food,2
1485,"Parkdale, Roncesvalles",43.6489597,-79.456325,4ad8fc3df964a520c31621e3,43.64979631005809,-79.45030983497107,4bf58dd8d48988d109941735,Food,2
1487,"Parkdale, Roncesvalles",43.6489597,-79.456325,5550e0c9498ea5830a839f06,43.65046251706493,-79.45060981846792,4bf58dd8d48988d1e0931735,Food,1
1488,"Parkdale, Roncesvalles",43.6489597,-79.456325,4b64d1c9f964a52096d22ae3,43.649235,-79.450229,4bf58dd8d48988d110941735,Food,3
1489,"Parkdale, Roncesvalles",43.6489597,-79.456325,57d70b96498ef633abfa4e72,43.65068788125521,-79.45068513648656,4bf58dd8d48988d1c4941735,Food,2
1493,"Parkdale, Roncesvalles",43.6489597,-79.456325,4b5b5805f964a52034f628e3,43.65009143382369,-79.45039643854467,4bf58dd8d48988d143941735,Food,1
1495,"Parkdale, Roncesvalles",43.6489597,-79.456325,4b6ddaf3f964a5200f962ce3,43.65008710183049,-79.45045784621456,4bf58dd8d48988d143941735,Food,2
1496,Canada Post Gateway Processing Centre,43.6369656,-79.61581899999999,4db8469e815445bd47d007a2,43.63691569975329,-79.62058021407259,4bf58dd8d48988d153941735,Food,1
1498,Canada Post Gateway Processing Centre,43.6369656,-79.61581899999999,4c3285463896e21ec8b8e890,43.63629258792057,-79.61565527116397,4bf58dd8d48988d1e0931735,Food,1
1500,Canada Post Gateway Processing Centre,43.6369656,-79.61581899999999,4c4dc619fb742d7f8d1f4a2d,43.63687261402064,-79.62087851927868,4bf58dd8d48988d1c5941735,Food,1
1501,Canada Post Gateway Processing Centre,43.6369656,-79.61581899999999,4bda02df63c5c9b6a4412268,43.63683566544911,-79.62057539641114,4d4ae6fc7a7b7dea34424761,Food,1
1502,Canada Post Gateway Processing Centre,43.6369656,-79.61581899999999,504c9db7e4b050eb2aa0af1a,43.63842948751721,-79.61875587791347,4bf58dd8d48988d14e941735,Food,2
1503,Canada Post Gateway Processing Centre,43.6369656,-79.61581899999999,4b10219cf964a520ac6923e3,43.63696,-79.62103,4bf58dd8d48988d1e0931735,Food,2
1504,Canada Post Gateway Processing Centre,43.6369656,-79.61581899999999,4ca9fe7f2776b60cc8cb440d,43.636848,-79.62077,4bf58dd8d48988d115941735,Food,2
1505,Canada Post Gateway Processing Centre,43.6369656,-79.61581899999999,4caa04e444a8224ba9cc2640,43.63676913761602,-79.62083985121491,4bf58dd8d48988d1c0941735,Food,2
1509,"Kingsview Village, St. Phillips, Martin Grove Gardens, Richview Gardens",43.6889054,-79.55472440000001,4fac47d2e4b0f8e90a590479,43.692935717786156,-79.5573509193731,4bf58dd8d48988d1c5941735,Food,1
1511,"Kingsview Village, St. Phillips, Martin Grove Gardens, Richview Gardens",43.6889054,-79.55472440000001,4c3a2a360a71c9b6bdc743c9,43.69013634101567,-79.55997904562093,4bf58dd8d48988d1ca941735,Food,1
1513,Agincourt,43.7942003,-79.26202940000002,4e3451fcd4c063434821c41e,43.79237001092506,-79.26020325805978,4bf58dd8d48988d143941735,Food,1
1515,Agincourt,43.7942003,-79.26202940000002,4b50b100f964a520b72d27e3,43.792647695283875,-79.25920775335268,4bf58dd8d48988d1be941735,Food,2
1517,Davisville,43.7043244,-79.3887901,4ae6ea6ef964a52082a721e3,43.70413799694304,-79.38841260442167,4bf58dd8d48988d1d0941735,Food,1
1518,Davisville,43.7043244,-79.3887901,4b939ca4f964a520344a34e3,43.704513877453266,-79.38861602551758,4bf58dd8d48988d16d941735,Food,1
1519,Davisville,43.7043244,-79.3887901,4adb97f3f964a520402921e3,43.70517671239303,-79.3887930388649,4bf58dd8d48988d1d0941735,Food,1
1520,Davisville,43.7043244,-79.3887901,5169d445e4b07de190b5c3d6,43.702880859375,-79.38800811767578,4bf58dd8d48988d10f941735,Food,2
1521,Davisville,43.7043244,-79.3887901,4e125f30b61c637b97b6251c,43.70575225315343,-79.38912464296774,4bf58dd8d48988d1ca941735,Food,1
1522,Davisville,43.7043244,-79.3887901,4b939d18f964a520454a34e3,43.70498511291793,-79.38847622354874,4bf58dd8d48988d1ce941735,Food,3
1524,Davisville,43.7043244,-79.3887901,4f79e8a1e4b03b459fae7e97,43.705923,-79.389548,4bf58dd8d48988d1e0931735,Food,2
1525,Davisville,43.7043244,-79.3887901,4b258fcef964a520d37324e3,43.70494407149989,-79.38870408604551,4bf58dd8d48988d1d2941735,Food,2
1526,Davisville,43.7043244,-79.3887901,4bd4b2546798ef3bb235628d,43.703594,-79.3879846,4bf58dd8d48988d110941735,Food,3
1527,Davisville,43.7043244,-79.3887901,4b71edddf964a520cb642de3,43.704558,-79.38863854,4bf58dd8d48988d110941735,Food,2
1528,Davisville,43.7043244,-79.3887901,4b1eb103f964a520e61d24e3,43.70653850357435,-79.38961139953942,4bf58dd8d48988d1d0941735,Food,1
1529,Davisville,43.7043244,-79.3887901,4dcda6b7e4cd130e16534f51,43.7019616162845,-79.3875129672506,4bf58dd8d48988d149941735,Food,2
1530,Davisville,43.7043244,-79.3887901,4b13d0bff964a5206e9923e3,43.70158248227423,-79.3873587869354,4bf58dd8d48988d1c5941735,Food,1
1534,Davisville,43.7043244,-79.3887901,4da5f6cef7b16ce044af5212,43.708081718364554,-79.38999467246003,4bf58dd8d48988d1d2941735,Food,2
1536,Davisville,43.7043244,-79.3887901,4fb90459e4b0fa8ed197391d,43.70210267511542,-79.3876176468172,4bf58dd8d48988d147941735,Food,1
1537,Davisville,43.7043244,-79.3887901,4b62d9d0f964a5207a552ae3,43.704344001380505,-79.38865888961692,4bf58dd8d48988d1e0931735,Food,1
1538,Davisville,43.7043244,-79.3887901,4b13f568f964a520f29a23e3,43.70737794652891,-79.38984793934696,4bf58dd8d48988d10e941735,Food,2
1541,Davisville,43.7043244,-79.3887901,58a881442520ae596a926970,43.701538,-79.38724,4bf58dd8d48988d1c4941735,Food,2
1543,Davisville,43.7043244,-79.3887901,57b8c524cd10f719218fda73,43.702927,-79.38819,4bf58dd8d48988d16d941735,Food,1
1544,Davisville,43.7043244,-79.3887901,4c59dbe3d3aee21e2f486955,43.70176337400996,-79.38780495416756,4bf58dd8d48988d1c5941735,Food,1
1545,Davisville,43.7043244,-79.3887901,4bfef68bc30a2d7fcd47101d,43.70613821755869,-79.38929246805056,4bf58dd8d48988d1ca941735,Food,1
1546,Davisville,43.7043244,-79.3887901,4b0b3691f964a520c62e23e3,43.7084743635371,-79.39067425664052,4bf58dd8d48988d1c5941735,Food,1
1549,Davisville,43.7043244,-79.3887901,4b942882f964a520d36b34e3,43.7083013094919,-79.38842444207054,4bf58dd8d48988d111941735,Food,2
1550,"University of Toronto, Harbord",43.6626956,-79.4000493,5362c366498e602fbe1db395,43.66283719650635,-79.40321739973975,4bf58dd8d48988d111941735,Food,2
1551,"University of Toronto, Harbord",43.6626956,-79.4000493,527d450111d25050de4ea0d8,43.662756751275445,-79.40398803188654,4bf58dd8d48988d1c4941735,Food,2
1552,"University of Toronto, Harbord",43.6626956,-79.4000493,5a4fe33db8fd9d1e3273654e,43.66282317865166,-79.40274569154498,4bf58dd8d48988d1d0941735,Food,1
1553,"University of Toronto, Harbord",43.6626956,-79.4000493,53b74e05498efc27ecea1954,43.66283554072087,-79.40336494731255,4bf58dd8d48988d16a941735,Food,1
1555,"University of Toronto, Harbord",43.6626956,-79.4000493,56eb72e3498eefb98d82274b,43.66294872979362,-79.40289804116937,4bf58dd8d48988d110941735,Food,2
1559,"University of Toronto, Harbord",43.6626956,-79.4000493,4b6cbfd2f964a52072512ce3,43.66246971191281,-79.40494572728848,4bf58dd8d48988d1d2941735,Food,2
1561,"University of Toronto, Harbord",43.6626956,-79.4000493,59319e3ae185f3283a4fc06a,43.662735486588865,-79.40344738555669,4bf58dd8d48988d10c941735,Food,3
1562,"University of Toronto, Harbord",43.6626956,-79.4000493,517ae303011ced68fcc25005,43.662713770749434,-79.40433001263669,4bf58dd8d48988d1c4941735,Food,2
1563,"University of Toronto, Harbord",43.6626956,-79.4000493,4aec4c24f964a520e9c521e3,43.662519096022976,-79.40444270567404,4bf58dd8d48988d16a941735,Food,1
1564,"University of Toronto, Harbord",43.6626956,-79.4000493,56b2d44e498e65064938373c,43.66263716795857,-79.4037981720113,52e81612bcbc57f1066b7a00,Food,0
1565,"University of Toronto, Harbord",43.6626956,-79.4000493,5012bdc3e4b0907580260b70,43.665401003815745,-79.39971478706231,4bf58dd8d48988d16d941735,Food,1
1568,"University of Toronto, Harbord",43.6626956,-79.4000493,59f7bad335811b13a241e498,43.66708824997601,-79.4005710246546,4bf58dd8d48988d111941735,Food,2
1569,"University of Toronto, Harbord",43.6626956,-79.4000493,51b8ebe8e4b051460c6dfa24,43.6582455666801,-79.39989387989043,4bf58dd8d48988d1c5941735,Food,1
1570,"University of Toronto, Harbord",43.6626956,-79.4000493,4b340703f964a5200d2425e3,43.66290213,-79.403167,4bf58dd8d48988d145941735,Food,1
1572,"University of Toronto, Harbord",43.6626956,-79.4000493,51cc15e1ccda974166ee304b,43.662826909852434,-79.40281748771667,4bf58dd8d48988d16d941735,Food,1
1574,"University of Toronto, Harbord",43.6626956,-79.4000493,4b76f3a0f964a520d86d2ee3,43.66355135916493,-79.40178748741704,4bf58dd8d48988d16d941735,Food,1
1576,"University of Toronto, Harbord",43.6626956,-79.4000493,4c488f1576d72d7f86e1404d,43.66448931335139,-79.39911750609278,4bf58dd8d48988d1c5941735,Food,1
1577,"University of Toronto, Harbord",43.6626956,-79.4000493,4c3f6066520fa593a880c6ac,43.66535,-79.398376,4bf58dd8d48988d16d941735,Food,1
1579,"University of Toronto, Harbord",43.6626956,-79.4000493,4b2bc155f964a52050ba24e3,43.662375,-79.405734,4bf58dd8d48988d16d941735,Food,1
1580,"University of Toronto, Harbord",43.6626956,-79.4000493,56689f1a498e00175f4ba8af,43.66272766027783,-79.4036022699349,4bf58dd8d48988d1d1941735,Food,1
1584,"University of Toronto, Harbord",43.6626956,-79.4000493,593ee21ffc9e94160394cd61,43.662694965848935,-79.40465211868286,4bf58dd8d48988d1e0931735,Food,1
1585,"Runnymede, Swansea",43.6515706,-79.4844499,51f2a052498e3c69bf38ee85,43.64984188412754,-79.48261453424496,4edd64a0c7ddd24ca188df1a,Food,1
1586,"Runnymede, Swansea",43.6515706,-79.4844499,4dceaf5db0fb25f6e349cae3,43.64913158497341,-79.48480237071465,4bf58dd8d48988d1e0931735,Food,1
1587,"Runnymede, Swansea",43.6515706,-79.4844499,4b91740af964a520adbd33e3,43.64964735112305,-79.48343639040918,4bf58dd8d48988d16d941735,Food,1
1588,"Runnymede, Swansea",43.6515706,-79.4844499,546f7c9e498e9b5b70b88dca,43.6497791550768,-79.48289414342419,4bf58dd8d48988d153941735,Food,1
1589,"Runnymede, Swansea",43.6515706,-79.4844499,4b15aef7f964a52074b223e3,43.64990164450559,-79.4846109228881,4bf58dd8d48988d1d2941735,Food,2
1591,"Runnymede, Swansea",43.6515706,-79.4844499,4b52112bf964a520416527e3,43.650380014739355,-79.47881908403849,4bf58dd8d48988d1dc931735,Food,2
1592,"Runnymede, Swansea",43.6515706,-79.4844499,5434a336498e25b50077e07d,43.655191,-79.487067,4bf58dd8d48988d110941735,Food,2
1593,"Runnymede, Swansea",43.6515706,-79.4844499,4b51f5c2f964a520945d27e3,43.649800784968164,-79.48272777159343,4bf58dd8d48988d10b941735,Food,1
1595,"Runnymede, Swansea",43.6515706,-79.4844499,4b92dbe4f964a5202b2234e3,43.64989127391365,-79.4824044490675,4bf58dd8d48988d1d2941735,Food,2
1596,"Runnymede, Swansea",43.6515706,-79.4844499,4b22d90ff964a520ab4e24e3,43.64994563414707,-79.48200902277628,4bf58dd8d48988d10c941735,Food,3
1598,"Runnymede, Swansea",43.6515706,-79.4844499,4bd2e88077b29c74e9838f82,43.65030692996379,-79.4798355748952,4bf58dd8d48988d1be941735,Food,3
1600,"Runnymede, Swansea",43.6515706,-79.4844499,580a459338faf1db4438ba33,43.648224,-79.486356,4bf58dd8d48988d110941735,Food,2
1601,"Runnymede, Swansea",43.6515706,-79.4844499,5824a5305309361c4ad317de,43.65041203760419,-79.47847723960876,4bf58dd8d48988d1d3941735,Food,2
1604,"Runnymede, Swansea",43.6515706,-79.4844499,4dc999a0ae602be5e00a3a8b,43.65032586649614,-79.48092125061991,4bf58dd8d48988d1c5941735,Food,1
1605,"Runnymede, Swansea",43.6515706,-79.4844499,4b5328a0f964a520a59027e3,43.64951305181438,-79.48407033610728,4bf58dd8d48988d147941735,Food,1
1606,"Runnymede, Swansea",43.6515706,-79.4844499,529139a111d2c233d7ae2851,43.650424,-79.479755,4bf58dd8d48988d16d941735,Food,1
1607,"Runnymede, Swansea",43.6515706,-79.4844499,5389345e498e7b711dcff942,43.650310315403544,-79.48012458547709,4bf58dd8d48988d1d0941735,Food,1
1608,"Runnymede, Swansea",43.6515706,-79.4844499,4b264649f964a520be7924e3,43.648525791237965,-79.48506608605385,4bf58dd8d48988d1e0931735,Food,1
1610,"Runnymede, Swansea",43.6515706,-79.4844499,4b54fef2f964a52016d727e3,43.64931132140717,-79.48455987958097,4bf58dd8d48988d1ca941735,Food,1
1611,"Runnymede, Swansea",43.6515706,-79.4844499,4b7c1b9cf964a5205c7d2fe3,43.650136727534054,-79.48079476951547,4bf58dd8d48988d16d941735,Food,1
1612,"Runnymede, Swansea",43.6515706,-79.4844499,4b3b88fcf964a520597525e3,43.649194,-79.484699,4bf58dd8d48988d1ca941735,Food,1
1614,"Runnymede, Swansea",43.6515706,-79.4844499,4b4a0e9bf964a5202f7926e3,43.64878101033567,-79.48523252831198,4bf58dd8d48988d1c4941735,Food,2
1618,"Runnymede, Swansea",43.6515706,-79.4844499,57dd9347cd10fabfa7c7fa62,43.648785,-79.48594,4bf58dd8d48988d1e0931735,Food,1
1620,"Clarks Corners, Tam O'Shanter, Sullivan",43.7816375,-79.3043021,4b5a2bf2f964a520deb128e3,43.778649,-79.308264,4bf58dd8d48988d110941735,Food,2
1621,"Clarks Corners, Tam O'Shanter, Sullivan",43.7816375,-79.3043021,4cdc8e53d4ecb1f7843c8048,43.78050473445372,-79.29884391314476,4bf58dd8d48988d145941735,Food,1
1622,"Clarks Corners, Tam O'Shanter, Sullivan",43.7816375,-79.3043021,56fdaefd498e27417498764c,43.780437780734204,-79.2998370364667,4bf58dd8d48988d149941735,Food,2
1623,"Clarks Corners, Tam O'Shanter, Sullivan",43.7816375,-79.3043021,51e2d3a2498e834f5b4f0f23,43.77823412485005,-79.30829897588661,4bf58dd8d48988d1d1941735,Food,1
1626,"Clarks Corners, Tam O'Shanter, Sullivan",43.7816375,-79.3043021,4e0150c47d8beaa1649f749f,43.7804,-79.3007,4bf58dd8d48988d16e941735,Food,1
1627,"Clarks Corners, Tam O'Shanter, Sullivan",43.7816375,-79.3043021,55df8b85498e0f5928e3e054,43.780476,-79.29846,4d4ae6fc7a7b7dea34424761,Food,1
1628,"Clarks Corners, Tam O'Shanter, Sullivan",43.7816375,-79.3043021,4e2b4705d164223a69808a57,43.78056271894292,-79.2986242771319,4bf58dd8d48988d1ca941735,Food,1
1629,"Clarks Corners, Tam O'Shanter, Sullivan",43.7816375,-79.3043021,4c6de1ace6b7b1f7d842ab8e,43.78360724036883,-79.29898327417831,4bf58dd8d48988d1ca941735,Food,1
1634,"Kensington Market, Chinatown, Grange Park",43.6532057,-79.4000493,50427a03e4b08d9f5931f593,43.65441817160925,-79.40054467846261,4bf58dd8d48988d1c1941735,Food,1
1637,"Kensington Market, Chinatown, Grange Park",43.6532057,-79.4000493,535163cf498ea10a3b9582b5,43.65476385976386,-79.40056588367806,4bf58dd8d48988d16a941735,Food,1
1638,"Kensington Market, Chinatown, Grange Park",43.6532057,-79.4000493,4af45a8af964a52097f121e3,43.653628006211044,-79.3983759881993,4bf58dd8d48988d14a941735,Food,1
1639,"Kensington Market, Chinatown, Grange Park",43.6532057,-79.4000493,4a8d5b48f964a520840f20e3,43.65414662211733,-79.40018175516231,4bf58dd8d48988d16d941735,Food,1
1640,"Kensington Market, Chinatown, Grange Park",43.6532057,-79.4000493,4aedf32af964a52091d021e3,43.6546590586465,-79.4011788108254,4bf58dd8d48988d144941735,Food,2
1642,"Kensington Market, Chinatown, Grange Park",43.6532057,-79.4000493,51438b33e4b0a40e33fe5e77,43.65449315540114,-79.40131090393002,4bf58dd8d48988d16d941735,Food,2
1643,"Kensington Market, Chinatown, Grange Park",43.6532057,-79.4000493,5830bf495d6ec631f622902f,43.654883,-79.400264,4bf58dd8d48988d1e0931735,Food,1
1644,"Kensington Market, Chinatown, Grange Park",43.6532057,-79.4000493,51a261ca498ea3d3eaf40876,43.653560276835684,-79.40040209660836,4bf58dd8d48988d16d941735,Food,1
1645,"Kensington Market, Chinatown, Grange Park",43.6532057,-79.4000493,51faeaf1498e2f68d53f09d1,43.654993860126034,-79.3998292732052,4bf58dd8d48988d1d0941735,Food,2
1646,"Kensington Market, Chinatown, Grange Park",43.6532057,-79.4000493,578fb4ce498ed3b80015a859,43.65465108367296,-79.40197747917576,52e81612bcbc57f1066b7a02,Food,0
1654,"Kensington Market, Chinatown, Grange Park",43.6532057,-79.4000493,58a7c100076be13f60d1dff5,43.654310800343325,-79.39922450076845,4bf58dd8d48988d14a941735,Food,2
1655,"Kensington Market, Chinatown, Grange Park",43.6532057,-79.4000493,56d885cbcd105695600464d1,43.65470199390117,-79.40064636669985,4bf58dd8d48988d1c1941735,Food,1
1657,"Kensington Market, Chinatown, Grange Park",43.6532057,-79.4000493,4c856896d4e23704b2b18288,43.6541454478424,-79.40180347428756,4edd64a0c7ddd24ca188df1a,Food,1
1659,"Kensington Market, Chinatown, Grange Park",43.6532057,-79.4000493,4bc4dcb874a9a5930177d6f6,43.654750233381165,-79.40210500607643,4bf58dd8d48988d16a941735,Food,1
1660,"Kensington Market, Chinatown, Grange Park",43.6532057,-79.4000493,4b2d2ab2f964a52007d024e3,43.655454254557085,-79.4024390910271,4bf58dd8d48988d1d3941735,Food,2
1662,"Kensington Market, Chinatown, Grange Park",43.6532057,-79.4000493,587bc580e786b26b0d586aa3,43.65510856565147,-79.40234241534543,52e81612bcbc57f1066b7a00,Food,2
1663,"Kensington Market, Chinatown, Grange Park",43.6532057,-79.4000493,5644dbaa498e7f7534154326,43.6504011331197,-79.39804047841302,4bf58dd8d48988d1ca941735,Food,1
1665,"Kensington Market, Chinatown, Grange Park",43.6532057,-79.4000493,4ae4e982f964a5205d9f21e3,43.65190355922526,-79.40331176640306,4bf58dd8d48988d1d3941735,Food,2
1666,"Kensington Market, Chinatown, Grange Park",43.6532057,-79.4000493,4af1c047f964a520cfe221e3,43.6558316709016,-79.40256072891863,4bf58dd8d48988d1c1941735,Food,2
1667,"Kensington Market, Chinatown, Grange Park",43.6532057,-79.4000493,534edf63498ee9ce39f7290b,43.655278818606426,-79.40232570967991,4bf58dd8d48988d1c9941735,Food,2
1669,"Kensington Market, Chinatown, Grange Park",43.6532057,-79.4000493,514b665bf31c2c1960f7a8aa,43.65564188206897,-79.40244009529668,4bf58dd8d48988d16c941735,Food,2
1670,"Kensington Market, Chinatown, Grange Park",43.6532057,-79.4000493,4adb5a00f964a5204c2621e3,43.65505778213131,-79.40325401691655,4bf58dd8d48988d1e0931735,Food,1
1671,"Kensington Market, Chinatown, Grange Park",43.6532057,-79.4000493,54fce36c498eebc206762bcc,43.65233637238558,-79.39777996857809,4bf58dd8d48988d1d1941735,Food,1
1672,"Kensington Market, Chinatown, Grange Park",43.6532057,-79.4000493,55820db4498e4abb523622bf,43.65638733696026,-79.40278822246442,5283c7b4e4b094cb91ec88d8,Food,1
1673,"Kensington Market, Chinatown, Grange Park",43.6532057,-79.4000493,5851acca7220e6111b759270,43.655820905845346,-79.40262894753235,4bf58dd8d48988d16d941735,Food,1
1674,"Kensington Market, Chinatown, Grange Park",43.6532057,-79.4000493,4ad76dadf964a520530a21e3,43.65056381026066,-79.39701810600826,4bf58dd8d48988d1e0931735,Food,2
1675,"Kensington Market, Chinatown, Grange Park",43.6532057,-79.4000493,5760a4c4498e158c411e92e6,43.65583357917441,-79.3994168504878,4bf58dd8d48988d148941735,Food,1
1676,"Kensington Market, Chinatown, Grange Park",43.6532057,-79.4000493,54021f74498eb7b482bbb420,43.65171670538228,-79.40399906956775,4bf58dd8d48988d1d0941735,Food,1
1677,"Kensington Market, Chinatown, Grange Park",43.6532057,-79.4000493,4f57af17e4b01cdf1e8bfa45,43.6521668804813,-79.40484262234281,4eb1bd1c3b7b55596b4a748f,Food,2
1678,"Kensington Market, Chinatown, Grange Park",43.6532057,-79.4000493,4fce6dfde4b0cf727b95f005,43.652127706758996,-79.40484420479436,4bf58dd8d48988d120951735,Food,0
1680,"Kensington Market, Chinatown, Grange Park",43.6532057,-79.4000493,5aa59c977564f726ae4069c6,43.651347,-79.39702,4bf58dd8d48988d1ca941735,Food,1
1681,"Kensington Market, Chinatown, Grange Park",43.6532057,-79.4000493,4d13b509e3b5224b14da9143,43.65667776586101,-79.402821713777,4bf58dd8d48988d16d941735,Food,2
1684,"Kensington Market, Chinatown, Grange Park",43.6532057,-79.4000493,503fb59ce4b050691ba405a3,43.65225817681606,-79.40488372625506,4bf58dd8d48988d111941735,Food,2
1685,"Kensington Market, Chinatown, Grange Park",43.6532057,-79.4000493,5196a7b2498e9ad3f2006643,43.65211105018779,-79.40478604370892,56aa371be4b08b9a8d5734c7,Food,0
1690,"Kensington Market, Chinatown, Grange Park",43.6532057,-79.4000493,4ae348cef964a520dd9221e3,43.65502568322186,-79.40335800214416,4bf58dd8d48988d143941735,Food,1
1691,"Kensington Market, Chinatown, Grange Park",43.6532057,-79.4000493,4bc39d9b4cdfc9b6b09e9721,43.6533029125017,-79.4054567813873,4bf58dd8d48988d1e0931735,Food,1
1694,"Kensington Market, Chinatown, Grange Park",43.6532057,-79.4000493,50e6282de4b026ac78e0ee70,43.6528316250137,-79.40624186404881,4bf58dd8d48988d14a941735,Food,2
1696,"Milliken, Agincourt North, Steeles East, L'Amoreaux East",43.8152522,-79.2845772,4ca045e2604c76b05edd927b,43.81613567921463,-79.28794384002686,4bf58dd8d48988d1e0931735,Food,1
1701,"Summerhill West, Rathnelly, South Hill, Forest Hill SE, Deer Park",43.68641229999999,-79.4000493,4be349d763609c7439e11bff,43.68783769992881,-79.39565249242683,4bf58dd8d48988d1d2941735,Food,2
1702,"Summerhill West, Rathnelly, South Hill, Forest Hill SE, Deer Park",43.68641229999999,-79.4000493,5a119e738a6f175e860cac17,43.687708,-79.395062,4bf58dd8d48988d1c4941735,Food,2
1703,"Summerhill West, Rathnelly, South Hill, Forest Hill SE, Deer Park",43.68641229999999,-79.4000493,52acedc011d2bf5586251c3c,43.68789522205706,-79.39491559605742,4bf58dd8d48988d14e941735,Food,2
1704,"Summerhill West, Rathnelly, South Hill, Forest Hill SE, Deer Park",43.68641229999999,-79.4000493,53fd3897498ea15f71e72ea9,43.686756,-79.398292,4bf58dd8d48988d1e0931735,Food,1
1705,"Summerhill West, Rathnelly, South Hill, Forest Hill SE, Deer Park",43.68641229999999,-79.4000493,590a0b5cda2e007acf8eb4a4,43.687682,-79.39684,4bf58dd8d48988d1e0931735,Food,1
1708,"Summerhill West, Rathnelly, South Hill, Forest Hill SE, Deer Park",43.68641229999999,-79.4000493,588d1d78a149261a47e1236d,43.6893,-79.395302,4d4ae6fc7a7b7dea34424761,Food,1
1711,"Summerhill West, Rathnelly, South Hill, Forest Hill SE, Deer Park",43.68641229999999,-79.4000493,4ae9c951f964a5206bb621e3,43.687995609133544,-79.39465149552744,4bf58dd8d48988d14a941735,Food,2
1712,"Summerhill West, Rathnelly, South Hill, Forest Hill SE, Deer Park",43.68641229999999,-79.4000493,4b5cc189f964a520724229e3,43.68799051263145,-79.39463424218918,4bf58dd8d48988d1ca941735,Food,1
1719,"CN Tower, King and Spadina, Railway Lands, Harbourfront West, Bathurst Quay, South Niagara, Island airport",43.6289467,-79.3944199,5bcefd45f0b490002c134165,43.631392,-79.395952,4bf58dd8d48988d1e0931735,Food,1
1729,"New Toronto, Mimico South, Humber Bay Shores",43.6056466,-79.50132070000001,4b9322cbf964a5201a3734e3,43.60184940532482,-79.50328125758809,4bf58dd8d48988d1c4941735,Food,2
1730,"New Toronto, Mimico South, Humber Bay Shores",43.6056466,-79.50132070000001,4e1f329fae60cd553deeb4a0,43.60158294371704,-79.50090463107409,4bf58dd8d48988d1ca941735,Food,1
1731,"New Toronto, Mimico South, Humber Bay Shores",43.6056466,-79.50132070000001,4bc45c08b492d13afbdea960,43.601402988357286,-79.50301234678948,4bf58dd8d48988d16a941735,Food,1
1732,"New Toronto, Mimico South, Humber Bay Shores",43.6056466,-79.50132070000001,4b0a80a3f964a520892423e3,43.601392135734876,-79.50305626141281,4bf58dd8d48988d16d941735,Food,1
1733,"New Toronto, Mimico South, Humber Bay Shores",43.6056466,-79.50132070000001,4e1787b37d8b8af91384a504,43.6020694028516,-79.49940016778937,4d4ae6fc7a7b7dea34424761,Food,1
1734,"New Toronto, Mimico South, Humber Bay Shores",43.6056466,-79.50132070000001,4b166d4df964a520ecb823e3,43.602039568126486,-79.49867786252557,4bf58dd8d48988d14e941735,Food,2
1735,"New Toronto, Mimico South, Humber Bay Shores",43.6056466,-79.50132070000001,4bee4cb5d355a593c1c40a60,43.60246404619248,-79.49885909892578,4bf58dd8d48988d16e941735,Food,1
1740,"New Toronto, Mimico South, Humber Bay Shores",43.6056466,-79.50132070000001,512cf6bde4b07767b2c343bf,43.60126068149633,-79.50228440295261,4bf58dd8d48988d1c1941735,Food,1
1742,"South Steeles, Silverstone, Humbergate, Jamestown, Mount Olive, Beaumond Heights, Thistletown, Albion Gardens",43.739416399999996,-79.5884369,4c633939e1621b8d48842553,43.74264512142215,-79.58964323010724,4bf58dd8d48988d1c5941735,Food,1
1743,"South Steeles, Silverstone, Humbergate, Jamestown, Mount Olive, Beaumond Heights, Thistletown, Albion Gardens",43.739416399999996,-79.5884369,4be70e26cf200f47e334153c,43.74120165509377,-79.58454469276013,4d4ae6fc7a7b7dea34424761,Food,1
1746,"South Steeles, Silverstone, Humbergate, Jamestown, Mount Olive, Beaumond Heights, Thistletown, Albion Gardens",43.739416399999996,-79.5884369,4d8ba6910c4e41bdaaf7667f,43.74156896801906,-79.58448886871338,4bf58dd8d48988d1ca941735,Food,1
1748,"South Steeles, Silverstone, Humbergate, Jamestown, Mount Olive, Beaumond Heights, Thistletown, Albion Gardens",43.739416399999996,-79.5884369,4c1951d6834e2d7f2d3a2a80,43.7417571,-79.5842303,4bf58dd8d48988d16e941735,Food,1
1750,"Steeles West, L'Amoreaux West",43.799525200000005,-79.3183887,4df28ea0e4cda09e6da0129a,43.798878792587615,-79.3183345011537,4bf58dd8d48988d145941735,Food,1
1751,"Steeles West, L'Amoreaux West",43.799525200000005,-79.3183887,5542be72498e851f264ce89a,43.79819775434163,-79.31843152382791,4bf58dd8d48988d145941735,Food,1
1754,"Steeles West, L'Amoreaux West",43.799525200000005,-79.3183887,4bd9e7933904a593572c449e,43.79867122318589,-79.31847549171897,4bf58dd8d48988d1c5941735,Food,1
1755,"Steeles West, L'Amoreaux West",43.799525200000005,-79.3183887,4fb5763ee4b0ee4edb40c16e,43.7989384013184,-79.31885368338149,4bf58dd8d48988d16e941735,Food,1
1757,"Steeles West, L'Amoreaux West",43.799525200000005,-79.3183887,4bd0cd2477b29c74b5838b82,43.7991018,-79.3187148,4bf58dd8d48988d1e0931735,Food,1
1758,"Steeles West, L'Amoreaux West",43.799525200000005,-79.3183887,4d54e0dca05c3704eae3b187,43.79790927666095,-79.31811332702635,4bf58dd8d48988d1ca941735,Food,1
1759,"Steeles West, L'Amoreaux West",43.799525200000005,-79.3183887,4bcddc73937ca5936e70ad92,43.79824882031983,-79.31816666829309,4bf58dd8d48988d16e941735,Food,1
1760,"Steeles West, L'Amoreaux West",43.799525200000005,-79.3183887,4cd6985967adf04d66d93391,43.796375,-79.318681,4bf58dd8d48988d143941735,Food,1
1764,"Steeles West, L'Amoreaux West",43.799525200000005,-79.3183887,4c811815d92ea0934c6e3d72,43.798897858187395,-79.31870122759385,4bf58dd8d48988d16e941735,Food,1
1765,"Steeles West, L'Amoreaux West",43.799525200000005,-79.3183887,4e4bcc4162e1ce23e579d8dc,43.79795157870593,-79.31867761416008,4bf58dd8d48988d1e0931735,Food,1
1766,"Steeles West, L'Amoreaux West",43.799525200000005,-79.3183887,4efccc9bb8f701ff611ce191,43.79643013115188,-79.3191507994383,4bf58dd8d48988d10f941735,Food,2
1771,Stn A PO Boxes,43.6464352,-79.37484599999999,5b5bca904aa3f8002c97f85d,43.64781466405137,-79.3744527618627,4bf58dd8d48988d1d3941735,Food,2
1772,Stn A PO Boxes,43.6464352,-79.37484599999999,4b56a44ff964a5206e1728e3,43.64671207408793,-79.37476761639118,4bf58dd8d48988d1c4941735,Food,3
1775,Stn A PO Boxes,43.6464352,-79.37484599999999,50b7c53616485cd9efad60d5,43.64848710249909,-79.37454735245633,4bf58dd8d48988d149941735,Food,2
1780,Stn A PO Boxes,43.6464352,-79.37484599999999,4fcb97f7e4b00a0e8520b055,43.64928693557788,-79.37468932637938,4bf58dd8d48988d1cb941735,Food,1
1782,Stn A PO Boxes,43.6464352,-79.37484599999999,55314880498eca93a62e17ec,43.647686808930885,-79.3772953884033,4bf58dd8d48988d16d941735,Food,1
1785,Stn A PO Boxes,43.6464352,-79.37484599999999,4b0f3cd2f964a520b66023e3,43.647084825125084,-79.37634231908494,4bf58dd8d48988d10c941735,Food,3
1788,Stn A PO Boxes,43.6464352,-79.37484599999999,534effeb498e6464d5c4885c,43.64850142396483,-79.3718080237409,4bf58dd8d48988d1ce941735,Food,3
1790,Stn A PO Boxes,43.6464352,-79.37484599999999,52138db911d22803b334c641,43.64815919753501,-79.37874450467258,4bf58dd8d48988d16d941735,Food,1
1791,Stn A PO Boxes,43.6464352,-79.37484599999999,5a4fdf56772fbc5e9fa73c7f,43.646473,-79.378782,4bf58dd8d48988d111941735,Food,2
1792,Stn A PO Boxes,43.6464352,-79.37484599999999,50fd7b1b582f9d035e57a426,43.648742,-79.374142,4bf58dd8d48988d1c4941735,Food,2
1793,Stn A PO Boxes,43.6464352,-79.37484599999999,4b86b209f964a520cf9631e3,43.6484950904393,-79.37146231793892,4bf58dd8d48988d1ce941735,Food,2
1795,Stn A PO Boxes,43.6464352,-79.37484599999999,4c6eb1c9c524370414ae2beb,43.648668221542096,-79.37160962302049,4bf58dd8d48988d16a941735,Food,1
1796,Stn A PO Boxes,43.6464352,-79.37484599999999,54593679498e9c3b842c216d,43.647965,-79.373427,52e81612bcbc57f1066b7a00,Food,0
1799,Stn A PO Boxes,43.6464352,-79.37484599999999,5b15659b1c062d0024e7cf81,43.646526,-79.375134,4bf58dd8d48988d143941735,Food,1
1800,Stn A PO Boxes,43.6464352,-79.37484599999999,583f54320923922e8141d360,43.650063279511016,-79.37458664523871,52e81612bcbc57f1066b79f2,Food,0
1801,Stn A PO Boxes,43.6464352,-79.37484599999999,4c2b80a6ae6820a18fe91743,43.64873614340388,-79.37162306748482,52e81612bcbc57f1066b79f2,Food,1
1804,Stn A PO Boxes,43.6464352,-79.37484599999999,4b6dcbf5f964a520ab902ce3,43.64875714757637,-79.37164539765817,4bf58dd8d48988d1e0931735,Food,1
1805,Stn A PO Boxes,43.6464352,-79.37484599999999,4ad4c05cf964a52006f620e3,43.64929834396347,-79.37643067251867,4bf58dd8d48988d1c4941735,Food,2
1809,Stn A PO Boxes,43.6464352,-79.37484599999999,4b5ca7d8f964a5207c3c29e3,43.64941904378835,-79.37723726034164,4bf58dd8d48988d155941735,Food,2
